First name,Surname,Organisation,E-mail,Work Email,Mobile,Account manager,Interests
Nadia,Brandt,Heronwood Care,nadia.brandt@heronwood.example,,+44 7700 900418,ivy.crane@saltmere.example,"Manual Handling, Fire Safety"
Tomas,Vella,Vellamore Ltd,office@vellamore.example,t.vella@vellamore.example,07700 900731,ivy.crane@saltmere.example,Fire Safety;First Aid
Ines,Cardoso,Vellamore Ltd,office@vellamore.example,,07700 900731,ivy.crane@saltmere.example,First Aid
Amrit,Sandhu,Kelsby Works,a.sandhu@kelsbyworks.example,,00447700900265,dev.oyelaran@saltmere.example,Working at Height
Amrit,Sandhu,Kelsby Works,amrit.sandhu@kelsbyworks.example,,+44 7700 900318,dev.oyelaran@saltmere.example,Asbestos Awareness
Rowan,Ferrand,Ashlyn Group,R.Ferrand@ashlyn.example,,+447700900904,ivy.crane@saltmere.example,"Fire safety, manual handling"
Kofi Adjetey,,Marlowe Heath Estates,k.adjetey@marloweheath.example,,(0044) 7700 900612,roisin.tuohy@saltmere.example,MH; FS
Sofia,Nkemelu,Kelsby Works,,,07700 900947,dev.oyelaran@saltmere.example,First Aid
Elif,Barlowe,Trenowden Electrical,e.barlowe@trenowden.example,,00447700900008,dev.oyelaran@saltmere.example,Fire Safety;Asbestos Awareness
Hyacinth,Hartshorne,Kirkharle Glazing,h.hartshorne@kirkharle.example,,+447700900009,roisin.tuohy@saltmere.example,"Manual Handling, Asbestos Awareness, Working at Height"
Elif,Jephcott,Dunmorrow Roofing,e.jephcott@dunmorrow.example,,00447700900010,ivy.crane@saltmere.example,Working at Height
Oskar,Sillitoe,Quillon Interiors,o.sillitoe@quilloninteriors.example,oskar.sillitoe@quilloninteriors.example,(0044) 7700 900011,roisin.tuohy@saltmere.example,"Working at Height, Asbestos Awareness"
Ferdinand,Quarterman,Ferndale Nurseries,f.quarterman@ferndalenurseries.example,,07700 900012,ivy.crane@saltmere.example,"Fire Safety, Manual Handling, Asbestos Awareness"
Wolfgang,Rackham,Strathmoor Joinery,w.rackham@strathmoor.example,,00447700900013,dev.oyelaran@saltmere.example,Working at Height;Manual Handling;First Aid
Aoife,Kirkbride,Northgate Scaffolding,a.kirkbride@northgatescaff.example,aoife.kirkbride@northgatescaff.example,(0044) 7700 900014,dev.oyelaran@saltmere.example,"Manual Handling, Asbestos Awareness, Fire Safety"
Nikolaj,Nettleship,Zennor Cold Store,n.nettleship@zennorcold.example,,+447700900015,roisin.tuohy@saltmere.example,Working at Height
Clemency,Nettleship,Ovingham Print,c.nettleship@ovinghamprint.example,clemency.nettleship@ovinghamprint.example,07700 900016,roisin.tuohy@saltmere.example,Asbestos Awareness;First Aid
Wolfgang,Wrenshall,Beckwith Dairies,w.wrenshall@beckwithdairies.example,,+44 7700 900017,ivy.crane@saltmere.example,First Aid
Ugo,Tattersall,Kelsby Works,u.tattersall@kelsbyworks.example,,07700 900018,ivy.crane@saltmere.example,"First Aid, Manual Handling, Asbestos Awareness"
Soren,Oglethorpe,Ashlyn Group,s.oglethorpe@ashlyn.example,,+44 7700 900019,ivy.crane@saltmere.example,Working at Height;First Aid;Fire Safety
Zephyrine,Underhill,Wardley Groundworks,z.underhill@wardley.example,,+44 7700 900020,ivy.crane@saltmere.example,Working at Height
Kamil,Grimsdale,Yarnbury Packaging,k.grimsdale@yarnbury.example,kamil.grimsdale@yarnbury.example,(0044) 7700 900021,roisin.tuohy@saltmere.example,"Fire Safety, Manual Handling, Asbestos Awareness"
Yusuf,Oglethorpe,Ovingham Print,y.oglethorpe@ovinghamprint.example,,00447700900022,roisin.tuohy@saltmere.example,First Aid
Quentin,Loveridge,Dunmorrow Roofing,q.loveridge@dunmorrow.example,,07700 900023,ivy.crane@saltmere.example,"Asbestos Awareness, Fire Safety"
Idris,Kettlewell,Kirkharle Glazing,i.kettlewell@kirkharle.example,idris.kettlewell@kirkharle.example,+44 7700 900024,ivy.crane@saltmere.example,Fire Safety
Idris,Hartshorne,Ferndale Nurseries,i.hartshorne@ferndalenurseries.example,,(0044) 7700 900025,roisin.tuohy@saltmere.example,Asbestos Awareness
Gideon,Vasarhelyi,Rosthwaite Timber,g.vasarhelyi@rosthwaite.example,,+447700900026,roisin.tuohy@saltmere.example,"Manual Handling, First Aid, Working at Height"
Gideon,Kilbride,Tanfield Plant Hire,g.kilbride@tanfieldplant.example,,(0044) 7700 900027,dev.oyelaran@saltmere.example,Manual Handling
Wilhelmina,Wolstenholme,Ilderton Coachworks,w.wolstenholme@ilderton.example,,(0044) 7700 900028,roisin.tuohy@saltmere.example,"First Aid, Manual Handling, Asbestos Awareness"
Bilal,Otterburn,Quillon Interiors,b.otterburn@quilloninteriors.example,,+44 7700 900029,roisin.tuohy@saltmere.example,Fire Safety;First Aid;Asbestos Awareness
Ignatius,Merriweather,Marlowe Heath Estates,i.merriweather@marloweheath.example,,+447700900030,dev.oyelaran@saltmere.example,Manual Handling;Asbestos Awareness;Fire Safety
Cerys,Verinder,Pentre Bakeries,c.verinder@pentrebakeries.example,cerys.verinder@pentrebakeries.example,00447700900031,ivy.crane@saltmere.example,"First Aid, Working at Height, Manual Handling"
Ferdinand,Endacott,Ferndale Nurseries,f.endacott@ferndalenurseries.example,,+44 7700 900032,dev.oyelaran@saltmere.example,"Asbestos Awareness, First Aid"
Verity,Ledingham,Strathmoor Joinery,v.ledingham@strathmoor.example,,+447700900033,ivy.crane@saltmere.example,"Manual Handling, Fire Safety, Working at Height"
Anneka,Musgrave,Quillon Interiors,a.musgrave@quilloninteriors.example,,00447700900034,dev.oyelaran@saltmere.example,"Working at Height, Fire Safety, First Aid"
Oskar,Cattermole,Ovingham Print,o.cattermole@ovinghamprint.example,,+44 7700 900035,roisin.tuohy@saltmere.example,"Fire Safety, Asbestos Awareness, First Aid"
Ignatius,Endacott,Swaledale Haulage,i.endacott@swaledalehaulage.example,,00447700900036,roisin.tuohy@saltmere.example,"First Aid, Manual Handling"
Rafaela,Blackstaffe,Kirkharle Glazing,r.blackstaffe@kirkharle.example,,07700 900037,ivy.crane@saltmere.example,Asbestos Awareness;Fire Safety
Rosalind,Kirkbride,Marlowe Heath Estates,r.kirkbride@marloweheath.example,,00447700900038,dev.oyelaran@saltmere.example,First Aid
Valentina,Achterberg,Lyneham Foods,v.achterberg@lynehamfoods.example,,+44 7700 900039,ivy.crane@saltmere.example,Asbestos Awareness;First Aid;Fire Safety
Emrys,Goodenough,Jesmond Fabrication,e.goodenough@jesmondfab.example,,00447700900040,dev.oyelaran@saltmere.example,First Aid
Niamh,Rackham,Lyneham Foods,n.rackham@lynehamfoods.example,,07700 900041,dev.oyelaran@saltmere.example,"Working at Height, Asbestos Awareness, Manual Handling"
Beatrix,Puddephatt,Strathmoor Joinery,b.puddephatt@strathmoor.example,,00447700900042,dev.oyelaran@saltmere.example,First Aid
Bartholomew,Wickenden,Ashlyn Group,b.wickenden@ashlyn.example,,00447700900043,dev.oyelaran@saltmere.example,"Asbestos Awareness, Working at Height"
Bartholomew,Rowbotham,Marlowe Heath Estates,b.rowbotham@marloweheath.example,,00447700900044,roisin.tuohy@saltmere.example,Manual Handling
Quentin,Trelawney,Pentre Bakeries,q.trelawney@pentrebakeries.example,,+447700900045,roisin.tuohy@saltmere.example,Fire Safety
Magnus,Dallimore,Strathmoor Joinery,m.dallimore@strathmoor.example,,07700 900046,roisin.tuohy@saltmere.example,"Manual Handling, First Aid, Fire Safety"
Beatrix,Merriweather,Lyneham Foods,b.merriweather@lynehamfoods.example,,00447700900047,roisin.tuohy@saltmere.example,Fire Safety
Piran,Underhill,Trenowden Electrical,p.underhill@trenowden.example,,07700 900048,roisin.tuohy@saltmere.example,Working at Height;Asbestos Awareness;First Aid
Dagfinn,Deverell,Heronwood Care,d.deverell@heronwood.example,,07700 900049,roisin.tuohy@saltmere.example,Working at Height;Manual Handling
Hyacinth,Quarterman,Ilderton Coachworks,h.quarterman@ilderton.example,,07700 900050,dev.oyelaran@saltmere.example,"Manual Handling, Asbestos Awareness, First Aid"
Halima,Cholmondeley,Dunmorrow Roofing,h.cholmondeley@dunmorrow.example,halima.cholmondeley@dunmorrow.example,+44 7700 900051,ivy.crane@saltmere.example,Manual Handling
Quentin,Nadolny,Heronwood Care,q.nadolny@heronwood.example,,(0044) 7700 900052,roisin.tuohy@saltmere.example,"Working at Height, Asbestos Awareness"
Quentin,Nettleship,Yarnbury Packaging,q.nettleship@yarnbury.example,,00447700900053,ivy.crane@saltmere.example,"Manual Handling, Asbestos Awareness"
Ignatius,Loveridge,Northgate Scaffolding,i.loveridge@northgatescaff.example,ignatius.loveridge@northgatescaff.example,07700 900054,dev.oyelaran@saltmere.example,Working at Height;Fire Safety;First Aid
Rafaela,Ledingham,Lyneham Foods,r.ledingham@lynehamfoods.example,,07700 900055,dev.oyelaran@saltmere.example,"Fire Safety, Working at Height"
Clemency,Nadolny,Tanfield Plant Hire,c.nadolny@tanfieldplant.example,,+447700900056,roisin.tuohy@saltmere.example,Fire Safety;Manual Handling;First Aid
Emrys,Hepplewhite,Heronwood Care,e.hepplewhite@heronwood.example,,00447700900057,dev.oyelaran@saltmere.example,First Aid
Esperanza,Ainscough,Beckwith Dairies,e.ainscough@beckwithdairies.example,,07700 900058,ivy.crane@saltmere.example,"First Aid, Fire Safety, Asbestos Awareness"
Cerys,Yelverton,Pentre Bakeries,c.yelverton@pentrebakeries.example,,00447700900059,ivy.crane@saltmere.example,"Asbestos Awareness, Working at Height"
Esperanza,Naismith,Wardley Groundworks,e.naismith@wardley.example,,(0044) 7700 900060,roisin.tuohy@saltmere.example,Asbestos Awareness;First Aid;Manual Handling
Ottoline,Naismith,Swaledale Haulage,o.naismith@swaledalehaulage.example,,+44 7700 900061,ivy.crane@saltmere.example,Asbestos Awareness
Zephyrine,Thurlby,Jesmond Fabrication,z.thurlby@jesmondfab.example,,07700 900062,ivy.crane@saltmere.example,Manual Handling
Dermot,Drinkwater,Wardley Groundworks,d.drinkwater@wardley.example,,07700 900063,roisin.tuohy@saltmere.example,Fire Safety
Elif,Loveridge,Vellamore Ltd,e.loveridge@vellamore.example,,+447700900064,ivy.crane@saltmere.example,Fire Safety;Asbestos Awareness
Valentina,Mottram,Ovingham Print,v.mottram@ovinghamprint.example,,+44 7700 900065,roisin.tuohy@saltmere.example,Fire Safety;Manual Handling;Working at Height
Leontine,Loveridge,Strathmoor Joinery,l.loveridge@strathmoor.example,,+44 7700 900066,dev.oyelaran@saltmere.example,First Aid;Manual Handling
Aoife,Rowbotham,Northgate Scaffolding,a.rowbotham@northgatescaff.example,,07700 900067,ivy.crane@saltmere.example,Fire Safety
Theodora,Wickenden,Glenbourne Hotels,t.wickenden@glenbourne.example,,07700 900068,dev.oyelaran@saltmere.example,"Asbestos Awareness, First Aid, Fire Safety"
Piran,Ellwood,Swaledale Haulage,p.ellwood@swaledalehaulage.example,,00447700900069,ivy.crane@saltmere.example,"Working at Height, Manual Handling"
Dagfinn,Wolstenholme,Calderstone Precision,d.wolstenholme@calderstone.example,,07700 900070,roisin.tuohy@saltmere.example,First Aid
Rosalind,Isaksen,Merrivale Textiles,r.isaksen@merrivale.example,,07700 900071,roisin.tuohy@saltmere.example,Asbestos Awareness
Jolanta,Barlowe,Quillon Interiors,j.barlowe@quilloninteriors.example,,(0044) 7700 900072,ivy.crane@saltmere.example,Asbestos Awareness;First Aid;Manual Handling
Casimir,Verinder,Ovingham Print,c.verinder@ovinghamprint.example,,+447700900073,roisin.tuohy@saltmere.example,Asbestos Awareness
Kristoffer,Kilbride,Wardley Groundworks,k.kilbride@wardley.example,,00447700900074,roisin.tuohy@saltmere.example,Fire Safety
Esperanza,Snelgrove,Ashlyn Group,e.snelgrove@ashlyn.example,esperanza.snelgrove@ashlyn.example,+44 7700 900075,dev.oyelaran@saltmere.example,"Manual Handling, Working at Height, Asbestos Awareness"
Bartholomew,Castellane,Beckwith Dairies,b.castellane@beckwithdairies.example,,07700 900076,roisin.tuohy@saltmere.example,"Manual Handling, Fire Safety"
Tabitha,Trelawney,Swaledale Haulage,t.trelawney@swaledalehaulage.example,,00447700900077,ivy.crane@saltmere.example,"Manual Handling, First Aid"
Ugo,Ainscough,Lyneham Foods,u.ainscough@lynehamfoods.example,,(0044) 7700 900078,dev.oyelaran@saltmere.example,"Fire Safety, Working at Height, First Aid"
Wilhelmina,Kilbride,Ilderton Coachworks,w.kilbride@ilderton.example,,+44 7700 900079,ivy.crane@saltmere.example,"First Aid, Working at Height, Fire Safety"
Cerys,Nettleship,Trenowden Electrical,c.nettleship@trenowden.example,,00447700900080,roisin.tuohy@saltmere.example,Asbestos Awareness;Manual Handling
Maren,Rowbotham,Haverbrook Metals,m.rowbotham@haverbrook.example,maren.rowbotham@haverbrook.example,00447700900081,ivy.crane@saltmere.example,Fire Safety;First Aid;Working at Height
Dagfinn,Kettlewell,Wardley Groundworks,d.kettlewell@wardley.example,,+44 7700 900082,dev.oyelaran@saltmere.example,Asbestos Awareness;Working at Height
Xanthe,Musgrave,Swaledale Haulage,x.musgrave@swaledalehaulage.example,,+44 7700 900083,roisin.tuohy@saltmere.example,"Working at Height, First Aid"
Nikolaj,Cattermole,Wardley Groundworks,n.cattermole@wardley.example,,07700 900084,ivy.crane@saltmere.example,"Fire Safety, Working at Height"
Valentina,Oglethorpe,Zennor Cold Store,v.oglethorpe@zennorcold.example,valentina.oglethorpe@zennorcold.example,+447700900085,ivy.crane@saltmere.example,"Asbestos Awareness, Manual Handling, Fire Safety"
Sindre,Ozanne,Kelsby Works,s.ozanne@kelsbyworks.example,,+447700900086,roisin.tuohy@saltmere.example,"Asbestos Awareness, Fire Safety"
Jolanta,Vasarhelyi,Ashlyn Group,j.vasarhelyi@ashlyn.example,,(0044) 7700 900087,ivy.crane@saltmere.example,Asbestos Awareness
Cerys,Deverell,Rosthwaite Timber,c.deverell@rosthwaite.example,,+447700900088,dev.oyelaran@saltmere.example,Asbestos Awareness
Maren,Hartshorne,Jesmond Fabrication,m.hartshorne@jesmondfab.example,,+44 7700 900089,roisin.tuohy@saltmere.example,"Working at Height, Fire Safety, Asbestos Awareness"
Wolfgang,Merriweather,Yarnbury Packaging,w.merriweather@yarnbury.example,,(0044) 7700 900090,ivy.crane@saltmere.example,"Fire Safety, First Aid, Manual Handling"
Florentyna,Nadolny,Calderstone Precision,f.nadolny@calderstone.example,,00447700900091,dev.oyelaran@saltmere.example,Manual Handling
Gustav,Thurlby,Ashlyn Group,g.thurlby@ashlyn.example,,07700 900092,ivy.crane@saltmere.example,"First Aid, Working at Height"
Kamil,Quennell,Redhaven Logistics,k.quennell@redhaven.example,,+447700900093,ivy.crane@saltmere.example,Asbestos Awareness
Gustav,Verinder,Trenowden Electrical,g.verinder@trenowden.example,,(0044) 7700 900094,roisin.tuohy@saltmere.example,"Manual Handling, Fire Safety, First Aid"
Soren,Otterburn,Yarnbury Packaging,s.otterburn@yarnbury.example,,+447700900095,roisin.tuohy@saltmere.example,Manual Handling;Asbestos Awareness;First Aid
Wilhelmina,Achterberg,Trenowden Electrical,w.achterberg@trenowden.example,,07700 900096,roisin.tuohy@saltmere.example,Working at Height
Kamil,Merriweather,Ferndale Nurseries,k.merriweather@ferndalenurseries.example,,(0044) 7700 900097,ivy.crane@saltmere.example,Working at Height
Oskar,Oglethorpe,Quillon Interiors,o.oglethorpe@quilloninteriors.example,,+447700900098,roisin.tuohy@saltmere.example,Fire Safety
Leontine,Kirkbride,Yarnbury Packaging,l.kirkbride@yarnbury.example,,07700 900099,roisin.tuohy@saltmere.example,First Aid
Wolfgang,Inkpen,Haverbrook Metals,w.inkpen@haverbrook.example,,+44 7700 900100,roisin.tuohy@saltmere.example,Fire Safety;Manual Handling;First Aid
Rosalind,Grimsdale,Ferndale Nurseries,r.grimsdale@ferndalenurseries.example,,+44 7700 900101,dev.oyelaran@saltmere.example,Working at Height
Esperanza,Ekwueme,Rosthwaite Timber,e.ekwueme@rosthwaite.example,,07700 900102,roisin.tuohy@saltmere.example,Manual Handling
Halima,Ainscough,Jesmond Fabrication,h.ainscough@jesmondfab.example,,+447700900103,ivy.crane@saltmere.example,Fire Safety;First Aid
Dermot,Rackham,Jesmond Fabrication,d.rackham@jesmondfab.example,,+447700900104,roisin.tuohy@saltmere.example,Fire Safety
Ugo,Otterburn,Dunmorrow Roofing,u.otterburn@dunmorrow.example,ugo.otterburn@dunmorrow.example,+447700900105,ivy.crane@saltmere.example,Fire Safety;Manual Handling;Asbestos Awareness
Florentyna,Snelgrove,Ashlyn Group,f.snelgrove@ashlyn.example,,+447700900106,dev.oyelaran@saltmere.example,First Aid;Manual Handling
Gustav,Pennycuick,Glenbourne Hotels,g.pennycuick@glenbourne.example,,00447700900107,dev.oyelaran@saltmere.example,Fire Safety
Verity,Rowbotham,Jesmond Fabrication,v.rowbotham@jesmondfab.example,,(0044) 7700 900108,roisin.tuohy@saltmere.example,First Aid
Zephyrine,Umfreville,Padstowe Fisheries,z.umfreville@padstowe.example,,00447700900109,ivy.crane@saltmere.example,Fire Safety
Rafaela,Loveridge,Haverbrook Metals,r.loveridge@haverbrook.example,,00447700900110,roisin.tuohy@saltmere.example,"Fire Safety, Asbestos Awareness, First Aid"
Hyacinth,Vanterpool,Jesmond Fabrication,h.vanterpool@jesmondfab.example,,+447700900111,ivy.crane@saltmere.example,"Fire Safety, Working at Height"
Tabitha,Ekwueme,Northgate Scaffolding,t.ekwueme@northgatescaff.example,,07700 900112,roisin.tuohy@saltmere.example,Manual Handling
Rafaela,Rackham,Swaledale Haulage,r.rackham@swaledalehaulage.example,,07700 900113,dev.oyelaran@saltmere.example,"Fire Safety, First Aid, Manual Handling"
Verity,Jelbert,Kelsby Works,v.jelbert@kelsbyworks.example,,+447700900114,ivy.crane@saltmere.example,First Aid
Emrys,Naismith,Pentre Bakeries,e.naismith@pentrebakeries.example,,00447700900115,roisin.tuohy@saltmere.example,"Fire Safety, First Aid"
Gwenllian,Braithwaite,Wardley Groundworks,g.braithwaite@wardley.example,,00447700900116,ivy.crane@saltmere.example,"Fire Safety, First Aid, Working at Height"
Gustav,Yeardley,Zennor Cold Store,g.yeardley@zennorcold.example,,+44 7700 900117,dev.oyelaran@saltmere.example,Asbestos Awareness;Fire Safety
Rafaela,Jelbert,Beckwith Dairies,r.jelbert@beckwithdairies.example,,07700 900118,roisin.tuohy@saltmere.example,"Working at Height, Asbestos Awareness"
Leontine,Jarratt,Tanfield Plant Hire,l.jarratt@tanfieldplant.example,,(0044) 7700 900119,dev.oyelaran@saltmere.example,"First Aid, Asbestos Awareness, Fire Safety"
Xanthe,Halloran,Haverbrook Metals,x.halloran@haverbrook.example,,07700 900120,ivy.crane@saltmere.example,Asbestos Awareness
Tabitha,Oglethorpe,Merrivale Textiles,t.oglethorpe@merrivale.example,,+447700900121,ivy.crane@saltmere.example,Manual Handling
Wilhelmina,Musgrave,Strathmoor Joinery,w.musgrave@strathmoor.example,,+44 7700 900122,roisin.tuohy@saltmere.example,Asbestos Awareness;Working at Height
Nikolaj,Naismith,Calderstone Precision,n.naismith@calderstone.example,,+44 7700 900123,dev.oyelaran@saltmere.example,Working at Height
Ottoline,Puddephatt,Ferndale Nurseries,o.puddephatt@ferndalenurseries.example,,(0044) 7700 900124,ivy.crane@saltmere.example,"Manual Handling, First Aid"
Nikolaj,Grimsdale,Rosthwaite Timber,n.grimsdale@rosthwaite.example,,+44 7700 900125,roisin.tuohy@saltmere.example,Manual Handling;Working at Height;Fire Safety
Sindre,Achterberg,Calderstone Precision,s.achterberg@calderstone.example,,(0044) 7700 900126,dev.oyelaran@saltmere.example,"First Aid, Fire Safety, Working at Height"
Aoife,Rackham,Lyneham Foods,a.rackham@lynehamfoods.example,,00447700900127,roisin.tuohy@saltmere.example,Fire Safety
Verity,Underhill,Pentre Bakeries,v.underhill@pentrebakeries.example,,+44 7700 900128,ivy.crane@saltmere.example,Working at Height
Maren,Ellwood,Tanfield Plant Hire,m.ellwood@tanfieldplant.example,,00447700900129,ivy.crane@saltmere.example,"Asbestos Awareness, Working at Height"
Esperanza,Jephcott,Beckwith Dairies,e.jephcott@beckwithdairies.example,,07700 900130,ivy.crane@saltmere.example,"Manual Handling, First Aid, Fire Safety"
Beatrix,Puddephatt,Haverbrook Metals,b.puddephatt@haverbrook.example,,00447700900131,roisin.tuohy@saltmere.example,Asbestos Awareness
Nikolaj,Nadolny,Lyneham Foods,n.nadolny@lynehamfoods.example,,(0044) 7700 900132,dev.oyelaran@saltmere.example,Asbestos Awareness;Fire Safety;Manual Handling
Bilal,Rackham,Vellamore Ltd,b.rackham@vellamore.example,,(0044) 7700 900133,dev.oyelaran@saltmere.example,Fire Safety;First Aid
Hyacinth,Drinkwater,Haverbrook Metals,h.drinkwater@haverbrook.example,,07700 900134,dev.oyelaran@saltmere.example,Fire Safety
Ugo,Fitzsimmons,Jesmond Fabrication,u.fitzsimmons@jesmondfab.example,,07700 900135,dev.oyelaran@saltmere.example,Working at Height;First Aid
Gustav,Barlowe,Swaledale Haulage,g.barlowe@swaledalehaulage.example,,00447700900136,roisin.tuohy@saltmere.example,"Manual Handling, Working at Height"
Rosalind,Snelgrove,Jesmond Fabrication,r.snelgrove@jesmondfab.example,,07700 900137,dev.oyelaran@saltmere.example,Fire Safety
Beatrix,Halloran,Zennor Cold Store,b.halloran@zennorcold.example,beatrix.halloran@zennorcold.example,07700 900138,ivy.crane@saltmere.example,First Aid
Quentin,Loveridge,Strathmoor Joinery,q.loveridge@strathmoor.example,,+44 7700 900139,ivy.crane@saltmere.example,Fire Safety
Valentina,Fairhurst,Lyneham Foods,v.fairhurst@lynehamfoods.example,valentina.fairhurst@lynehamfoods.example,07700 900140,ivy.crane@saltmere.example,Manual Handling;First Aid
Halima,Cattermole,Padstowe Fisheries,h.cattermole@padstowe.example,,+447700900141,ivy.crane@saltmere.example,"First Aid, Asbestos Awareness"
Joanna,Castellane,Glenbourne Hotels,j.castellane@glenbourne.example,,(0044) 7700 900142,dev.oyelaran@saltmere.example,Fire Safety
Wilhelmina,Hartshorne,Glenbourne Hotels,w.hartshorne@glenbourne.example,,(0044) 7700 900143,dev.oyelaran@saltmere.example,"Manual Handling, Fire Safety, Asbestos Awareness"
Piran,Wolstenholme,Vellamore Ltd,p.wolstenholme@vellamore.example,piran.wolstenholme@vellamore.example,(0044) 7700 900144,roisin.tuohy@saltmere.example,"Fire Safety, Asbestos Awareness, Working at Height"
Gustav,Quennell,Zennor Cold Store,g.quennell@zennorcold.example,,+44 7700 900145,roisin.tuohy@saltmere.example,First Aid;Manual Handling;Working at Height
Hyacinth,Sillitoe,Vellamore Ltd,h.sillitoe@vellamore.example,,00447700900146,dev.oyelaran@saltmere.example,Manual Handling;Fire Safety
Clemency,Mottram,Lyneham Foods,c.mottram@lynehamfoods.example,clemency.mottram@lynehamfoods.example,+44 7700 900147,ivy.crane@saltmere.example,Manual Handling;First Aid;Asbestos Awareness
Casimir,Achterberg,Northgate Scaffolding,c.achterberg@northgatescaff.example,,00447700900148,dev.oyelaran@saltmere.example,"Fire Safety, Working at Height, Manual Handling"
Soren,Cholmondeley,Haverbrook Metals,s.cholmondeley@haverbrook.example,,+44 7700 900149,dev.oyelaran@saltmere.example,"Asbestos Awareness, Working at Height"
Jolanta,Barlowe,Calderstone Precision,j.barlowe@calderstone.example,,+447700900150,roisin.tuohy@saltmere.example,"Working at Height, Manual Handling, Fire Safety"
Clemency,Cattermole,Northgate Scaffolding,c.cattermole@northgatescaff.example,clemency.cattermole@northgatescaff.example,+447700900151,roisin.tuohy@saltmere.example,First Aid
Leontine,Pennycuick,Rosthwaite Timber,l.pennycuick@rosthwaite.example,,+44 7700 900152,ivy.crane@saltmere.example,Manual Handling;Asbestos Awareness;Working at Height
Sindre,Ellwood,Ilderton Coachworks,s.ellwood@ilderton.example,,+447700900153,ivy.crane@saltmere.example,Manual Handling
Zephyrine,Mottram,Trenowden Electrical,z.mottram@trenowden.example,,(0044) 7700 900154,dev.oyelaran@saltmere.example,Fire Safety
Ugo,Barlowe,Dunmorrow Roofing,u.barlowe@dunmorrow.example,,+44 7700 900155,roisin.tuohy@saltmere.example,First Aid
Sindre,Ainscough,Trenowden Electrical,s.ainscough@trenowden.example,sindre.ainscough@trenowden.example,00447700900156,dev.oyelaran@saltmere.example,Fire Safety
Zephyrine,Merriweather,Trenowden Electrical,z.merriweather@trenowden.example,,(0044) 7700 900157,roisin.tuohy@saltmere.example,First Aid;Working at Height
Clemency,Cattermole,Rosthwaite Timber,c.cattermole@rosthwaite.example,,07700 900158,ivy.crane@saltmere.example,First Aid
Gideon,Ellwood,Ovingham Print,g.ellwood@ovinghamprint.example,,00447700900159,ivy.crane@saltmere.example,Asbestos Awareness;Fire Safety;First Aid
Xanthe,Underhill,Redhaven Logistics,x.underhill@redhaven.example,,00447700900160,roisin.tuohy@saltmere.example,First Aid
Leontine,Loveridge,Merrivale Textiles,l.loveridge@merrivale.example,,00447700900161,roisin.tuohy@saltmere.example,Working at Height
Rosalind,Naismith,Wardley Groundworks,r.naismith@wardley.example,,+44 7700 900162,roisin.tuohy@saltmere.example,"Fire Safety, Working at Height"
Bilal,Ravenscroft,Quillon Interiors,b.ravenscroft@quilloninteriors.example,,(0044) 7700 900163,roisin.tuohy@saltmere.example,"First Aid, Asbestos Awareness"
Lorcan,Wickenden,Ashlyn Group,l.wickenden@ashlyn.example,,(0044) 7700 900164,roisin.tuohy@saltmere.example,Asbestos Awareness
Casimir,Nettleship,Ovingham Print,c.nettleship@ovinghamprint.example,,07700 900165,roisin.tuohy@saltmere.example,Manual Handling
Ferdinand,Yeardley,Zennor Cold Store,f.yeardley@zennorcold.example,,07700 900166,dev.oyelaran@saltmere.example,Working at Height
Idris,Braithwaite,Jesmond Fabrication,i.braithwaite@jesmondfab.example,,+44 7700 900167,ivy.crane@saltmere.example,Working at Height
Quentin,Oglethorpe,Calderstone Precision,q.oglethorpe@calderstone.example,quentin.oglethorpe@calderstone.example,(0044) 7700 900168,ivy.crane@saltmere.example,Fire Safety
Zephyrine,Quennell,Jesmond Fabrication,z.quennell@jesmondfab.example,,+447700900169,dev.oyelaran@saltmere.example,"Manual Handling, Fire Safety, Asbestos Awareness"
Tabitha,Wrenshall,Swaledale Haulage,t.wrenshall@swaledalehaulage.example,,+447700900170,roisin.tuohy@saltmere.example,"Fire Safety, Working at Height, First Aid"
Rosalind,Illingworth,Beckwith Dairies,r.illingworth@beckwithdairies.example,,+44 7700 900171,roisin.tuohy@saltmere.example,Asbestos Awareness;First Aid;Manual Handling
Joanna,Musgrave,Merrivale Textiles,j.musgrave@merrivale.example,,+44 7700 900172,roisin.tuohy@saltmere.example,"First Aid, Manual Handling"
Clemency,Fairhurst,Yarnbury Packaging,c.fairhurst@yarnbury.example,,+44 7700 900173,dev.oyelaran@saltmere.example,"Asbestos Awareness, Fire Safety, First Aid"
Wolfgang,Grimsdale,Ilderton Coachworks,w.grimsdale@ilderton.example,,07700 900174,ivy.crane@saltmere.example,"Manual Handling, Asbestos Awareness, Working at Height"
Halima,Thurlby,Tanfield Plant Hire,h.thurlby@tanfieldplant.example,,+447700900175,dev.oyelaran@saltmere.example,Fire Safety
Aoife,Blackstaffe,Merrivale Textiles,a.blackstaffe@merrivale.example,,(0044) 7700 900176,ivy.crane@saltmere.example,"Fire Safety, Working at Height"
Piran,Fotheringay,Northgate Scaffolding,p.fotheringay@northgatescaff.example,,+44 7700 900177,ivy.crane@saltmere.example,Working at Height
Hyacinth,Isaksen,Dunmorrow Roofing,h.isaksen@dunmorrow.example,,00447700900178,roisin.tuohy@saltmere.example,Manual Handling
Emrys,Fotheringay,Strathmoor Joinery,e.fotheringay@strathmoor.example,,+44 7700 900179,dev.oyelaran@saltmere.example,Working at Height
Gustav,Thurlby,Yarnbury Packaging,g.thurlby@yarnbury.example,,(0044) 7700 900180,roisin.tuohy@saltmere.example,"Fire Safety, Working at Height"
Sindre,Achterberg,Marlowe Heath Estates,s.achterberg@marloweheath.example,,+44 7700 900181,dev.oyelaran@saltmere.example,"Fire Safety, First Aid"
Wolfgang,Hartshorne,Ferndale Nurseries,w.hartshorne@ferndalenurseries.example,,+44 7700 900182,ivy.crane@saltmere.example,Working at Height
Kristoffer,Gedge,Ilderton Coachworks,k.gedge@ilderton.example,,+44 7700 900183,roisin.tuohy@saltmere.example,Manual Handling
Verity,Prendergast,Swaledale Haulage,v.prendergast@swaledalehaulage.example,,00447700900184,roisin.tuohy@saltmere.example,"Working at Height, First Aid, Asbestos Awareness"
Emrys,Lanphier,Haverbrook Metals,e.lanphier@haverbrook.example,,00447700900185,dev.oyelaran@saltmere.example,"Asbestos Awareness, Working at Height"
