Level,Find,Part Number,Rev,Description,Qty,UOM,Type,Ref Des,Eff From,Eff To
1,,WF-1000,B,Kestrel 400 Flow Meter,1,EA,Item,,07/17/2024,
2,10,  2101-790,02,Bushing Bronze 10mm,2,ea,Item,,2023-11-15,
2,20,  SA-1044,02,Rotor Assembly,1,,Item,,2026-02-06,
3,10,    0712-330,B,O-Ring 24mm Viton,1,PC,,,,
3,20,    SA-1046,C,Valve Block,1,ea,item,,2025-06-25,
4,10,      2108-880,D,Foam Tape 12mm,4.296,MM,Pegged,,2026-02-20,
4,20,      SA-1047,02,Filter Cartridge,4,PCS,Item,,08/06/2026,
5,10,        2115-917,01,Grommet 8mm,12,EA,Item,,2023-06-13,
5,20,        2117-335,-,Epoxy Adhesive 2-Part,0,,Pegged supply,,2026-02-25,
5,30,        EC-51008,,Capacitor 100nF 50V,4,Ea,Item,"R1, R2, R3, R4",2024-07-21,2025-07-21
5,40,        2120-569,B,Sheet Aluminium 1.5mm,1.615,L,Item,,2026-02-01,
5,50,        2127-791,01,Heat Shrink 6mm,1,PC,vendor,,2026-02-18,
4,30,      EC-51014,C,Inductor 4u7,1,ea,item,U5,2024-08-22,2025-08-22
4,40,      2131-004,-,Silicone Grease,AR,G,Purchased,,2025-04-10,2026-04-10
4,50,      2136-247,,O-Ring 24mm Viton,1,,Item,,2024-04-04,
4,60,      SA-1049,2,Pump Head,1,PCS,item,,11/07/2025,
5,10,        2141-520,1,O-Ring 24mm Viton,3,EA,,,07/03/2024,
5,20,        EC-51021,D,Inductor 4u7,1,pcs,Pegged supply,C6,04/05/2025,
5,30,        2144-855,01,Bushing Bronze 10mm,1,Each,Purchased,,,
5,40,        2151-289,B,Cable Tie 100mm,1,EA,Pegged,,2026-10-12,
4,70,      2156-038,A,Nut M6 Nyloc,4,EA,Item,,,
3,30,    2163-713,B,Tube PTFE 4x6mm,"1,095",KG,Item,,2026-12-05,
3,40,    EC-51028,01,Voltage Regulator 3V3,6,EA,Buy,"C7,C8,C9,C10,C11,C12",2026-06-12,2027-06-12
3,50,    2164-354,A,Cap Screw M4x12,1,pcs,Buy,,12/09/2024,
2,30,  2167-487,01,Gasket PTFE 40mm,8,EA,,,,
2,40,  2170-138,B,Terminal Block 4W,2,ea,Vendor,,2025-12-05,
2,50,  2173-291,A,Sheet Aluminium 1.5mm,2.387,ML,item,,03/27/2025,
2,60,  2180-236,,Epoxy Adhesive 2-Part,0,EA,Purchased,,2026-05-13,
2,70,  EC-51033,C,Diode Schottky 40V,6,EA,Item,R13-R18,05/22/2026,
2,80,  SA-1052,01,Filter Cartridge,1,PCS,Item,,2025-06-26,2026-06-26
3,10,    2182-933,01,Grommet 8mm,3,PCS,Vendor,,02/01/2024,02/01/2025
3,20,    2189-933,,Conformal Coating,0,EA,vendor,,2024-04-02,
3,30,    2191-682,1,Wire 0.75mm2 Red,2.538,L,Buy,,2024-10-17,
3,40,    2194-627,C,Tube PTFE 4x6mm,2.348,M,Buy,,2026-11-28,
3,50,    EC-51038,B,Crystal 16MHz,4,PC,,"D19,D20,D21,D22",2025-05-22,
3,60,    EC-51042,A,Capacitor 100nF 50V,6,EA,,"C23, C24, C25, C26, C27, C28",05/10/2026,
3,70,    SA-1053,D,Power Supply,2,,item,,2024-11-06,
4,10,      2199-374,01,Foam Tape 12mm,3.096,G,Purchased,,2026-08-20,
4,20,      2201-336,D,Foam Tape 12mm,0.233,G,Standard,,2024-09-14,
4,30,      EC-51050,C,Diode Schottky 40V,2,EA,vendor,C29-C30,,
4,40,      EC-51057,C,MOSFET N-Ch 30V,4,EA,Item,"D31,D32,D33,D34",2025-07-28,2026-07-28
4,50,      2203-028,A,Solder Paste SAC305,0,G,,,06/14/2025,
4,60,      EC-51064,,Diode Schottky 40V,1,,Item,C35,05/07/2024,05/07/2025
3,80,    SA-1056,1,Gearbox,1,Each,Item,,2024-04-19,
4,10,      EC-51073,-,Resistor 10k 0603,1,PC,Item,U36,,
4,20,      EC-51074,A,Diode Schottky 40V,2,EA,Subcontract,"C37,C38",2023-02-05,
4,30,      2204-308,A,Grommet 8mm,1,EA,vendor,,2023-09-18,
4,40,      2209-201,A,Washer M6 Plain,2,EA,vendor,,2024-10-27,
4,50,      2212-541,B,Braided Sleeve 10mm,3.563,SQM,Item,,,
4,60,      EC-51077,B,LED Green 0603,2,EA,,"D39,D40",2026-10-10,
4,70,      2213-476,01,O-Ring 24mm Viton,8,EA,item,,2026-11-02,2027-11-02
4,80,      2219-099,-,Solder Paste SAC305,0.02,ML,Buy,,2025-10-18,
4,90,      SA-1060,C,Bracket Set,1,EA,Standard,,2024-08-04,
5,10,        0453-204,B,Washer M6 Plain A4,6,EA,Item,,2023-04-06,
5,20,        2225-588,A,Bushing Bronze 10mm,2,EA,Vendor,,2025-05-10,
5,30,        EC-51078,,Crystal 16MHz,1,EA,,U41,2024-12-01,
5,40,        EC-51087,B,Crystal 16MHz,1,EA,,U42,2026-04-09,
4,100,      EC-51090,-,Crystal 16MHz,3,ea,Subcontract,"C43,C44,C45",2024-01-12,
4,110,      2226-603,A,Wire 0.75mm2 Red,3.746,KG,Purchased,,2023-12-09,
4,120,      0453-119,B,Hex Bolt M6x20 A4,1,EA,Item,,2026-04-05,
3,90,    SA-1061,A,Filter Cartridge,1,EA,Item,,2024-05-12,2025-05-12
4,10,      0461-018,,Nut M6 Nyloc A4,1,Ea,Item,,2025-04-12,
4,20,      2229-690,B,Gasket PTFE 40mm,4,EA,Buy,,2024-06-08,2025-06-08
4,30,      0712-330,,O-Ring 24mm Viton,4,EA,Purchased,,2025-07-25,2026-07-25
4,40,      2231-416,A,Thread Locker Medium,,EA,Item,,2024-05-15,
4,50,      EC-51097,B,MOSFET N-Ch 30V,1,EA,Subcontract,C46,2026-03-18,
4,60,      2236-344,C,Retaining Ring 20mm,2,pcs,Standard,,2026-04-21,
2,90,  2241-470,,O-Ring 24mm Viton,4,EA,item,,2024-01-14,
2,100,  SA-1065,B,Drive Unit,1,,Item,,2025-08-26,
3,10,    EC-51099,02,MOSFET N-Ch 30V,1,Each,Item,L47,2025-09-11,
3,20,    SA-1067,C,Rotor Assembly,2,Each,Phantom,,,
4,10,      SA-1068,C,Power Supply,2,PCS,Item,,2024-02-13,
5,10,        2247-572,C,Standoff M3x10,1,EA,Standard,,2025-04-01,2026-04-01
5,20,        EC-51103,01,Voltage Regulator 3V3,3,EA,Subcontract,"U48,U49,U50",2023-05-17,
5,30,        2249-596,A,Sealant Silicone Clear,"1,312",MM,,,2025-07-10,
5,40,        2255-310,01,Tube PTFE 4x6mm,2.958,M,Item,,02/03/2024,
4,20,      2259-439,C,Hex Bolt M6x20,1,EA,Item,,2024-02-13,
4,30,      2261-142,-,Cable 4-Core Screened,0.636,MM,vendor,,2026-03-10,
4,40,      0712-330,,O-Ring 24mm Viton,1,PC,Vendor,,2025-01-03,
4,50,      SA-1069,01,Cable Harness,1,EA,Standard,,2026-07-14,
5,10,        0453-204,B,Washer M6 Plain A4,4,PC,,,2026-09-27,
5,20,        2267-737,01,Tube PTFE 4x6mm,3.779,KG,Standard,,2024-06-09,
5,30,        0712-330,,O-Ring 24mm Viton,2,EA,Item,,2024-04-07,
5,40,        EC-51104,B,MOSFET N-Ch 30V,2,Each,Purchased,"C51,C52",2024-10-21,
4,60,      EC-51105,01,Capacitor 100nF 50V,1,Ea,,C53,02/13/2026,
4,70,      2269-263,D,Terminal Block 4W,3,EA,Item,,2024-04-15,
4,80,      2270-251,,Heat Shrink 6mm,12,EA,Item,,2026-06-13,
4,90,      2274-184,01,Braided Sleeve 10mm,2.519,MM,Buy,,2025-02-16,
4,100,      2278-178,B,Cable 4-Core Screened,1.017,MM,Subcontract,,,
3,30,    EC-51107,02,Crystal 16MHz,4,Each,item,C54-C57,06/27/2024,
3,40,    2284-440,,Epoxy Adhesive 2-Part,0.02,G,item,,,
3,50,    2288-782,B,Grommet 8mm,8,PC,Vendor,,09/05/2026,09/05/2027
3,60,    2291-983,,Thread Locker Medium,0,ML,Standard,,2026-07-24,2027-07-24
3,70,    2295-346,-,Conformal Coating,0.02,G,ITEM,,01/28/2024,
3,80,    EC-51111,1,Voltage Regulator 3V3,3,EA,Subcontract,R58-R60,2023-04-02,2024-04-02
3,90,    EC-51116,C,Crystal 16MHz,2,pcs,Standard,"L61, L62",,
3,100,    2300-062,,Connector Housing 6P,2,EA,Pegged,,02/15/2025,
1,,WF-2000,B,Kestrel 620 Dosing Skid,1,EA,Item,,08/12/2026,
2,10,  SA-1072,01,Drive Unit,1,EA,Item,,2025-08-09,
3,10,    2304-045,,Isopropyl Alcohol,0,G,Vendor,,2025-05-12,
3,20,    2311-906,02,Retaining Ring 20mm,3,EA,item,,,
3,30,    EC-51117,2,Resistor 10k 0603,6,EA,Item,"R63, R64, R65, R66, R67, R68",2023-08-14,
3,40,    EC-51125,1,Diode Schottky 40V,4,ea,Purchased,U69-U72,2023-11-02,
3,50,    EC-51134,A,LED Green 0603,1,PCS,Item,D73,2024-04-05,
2,20,  SA-1073,01,Backplane,1,,item,,,
3,10,    2315-132,-,Dowel Pin 5x16,1,PC,ITEM,,2024-09-27,
3,20,    2319-749,D,Nut M6 Nyloc,2,PC,Item,,2024-09-09,
3,30,    SA-1074,A,Display Module,1,,Phantom Item,,2026-05-07,
4,10,      2321-729,,Silicone Grease,0,ML,Purchased,,,
4,20,      2323-775,-,Foam Tape 12mm,0.759,G,Item,,,
4,30,      2326-737,C,Wire 0.75mm2 Black,0.303,M,Buy,,2023-12-05,
4,40,      EC-51139,2,Voltage Regulator 3V3,3,PC,Item,"R74,R75,R76",2024-03-16,
4,50,      EC-51148,02,Crystal 16MHz,2,EA,Make,C77-C78,01/07/2023,01/07/2024
4,60,      EC-51151,A,LED Green 0603,2,EA,Buy,C79-C80,03/16/2024,
4,70,      2333-389,,Conformal Coating,0,G,Buy,,,
4,80,      2335-585,01,Washer M6 Plain,1,PCS,Buy,,2025-02-11,
4,90,      2338-825,-,Conformal Coating,0,EA,Pegged supply,,2026-03-27,
4,100,      2342-817,01,Connector Housing 6P,4,EA,,,03/03/2026,
4,110,      2344-793,C,Bushing Bronze 10mm,1,PC,vendor,,,
4,120,      EC-51159,A,Crystal 16MHz,2,EA,Item,C81-C82,2023-05-06,
3,40,    SA-1077,-,Filter Cartridge,1,ea,Item,,2024-02-11,
4,10,      2347-019,,Isopropyl Alcohol,0,G,Purchased,,,
4,20,      2349-314,D,Wire 0.75mm2 Red,2.9,KG,Standard,,2024-07-15,2025-07-15
4,30,      0453-204,A,Washer M6 Plain A4,1,,Subcontract,,,
4,40,      EC-51164,D,MOSFET N-Ch 30V,2,ea,Item,"R83, R84",2026-05-14,2024-03-01
4,50,      0453-119,A,Hex Bolt M6x20 A4,8,ea,,,09/26/2024,
4,60,      2354-138,-,Epoxy Adhesive 2-Part,0,ML,Buy,,2026-05-12,
3,50,    2360-656,-,Epoxy Adhesive 2-Part,0,G,Standard,,06/06/2025,
3,60,    2367-414,B,Sealant Silicone Clear,0.241,G,Vendor,,2025-06-21,
3,70,    SA-1080,A,Frame Weldment,1,,item,,06/26/2024,06/26/2025
4,10,      2369-186,A,Standoff M3x10,1,Each,Pegged supply,,2025-06-16,
4,20,      2376-817,A,Hex Bolt M6x20,4,,item,,2024-10-22,
4,30,      EC-51166,01,LED Green 0603,3,PC,,"U85,U86,U87",2024-02-05,
4,40,      2378-576,,Foam Tape 12mm,0.233,M,Buy,,2023-05-27,2024-05-27
4,50,      2381-274,-,Isopropyl Alcohol,0,,Item,,2025-02-08,
4,60,      2386-172,,Silicone Grease,0,EA,Item,,2024-12-26,2025-12-26
2,30,  2393-568,A,Spring 8N,1,EA,Vendor,,2024-09-24,
2,40,  0453-204,B,Washer M6 Plain A4,1,PCS,Item,,2026-06-21,
2,50,  SA-1084,C,Bracket Set,1,Each,Item,,2023-10-15,
3,10,    2394-993,,Bearing 6203-2RS,4,ea,Purchased,,2026-11-11,
3,20,    2397-214,-,Bearing 6203-2RS,12,EA,Buy,,2025-03-21,
3,30,    EC-51172,D,Inductor 4u7,6,EA,Purchased,"C88,C89,C90,C91,C92,C93",2025-07-23,
3,40,    SA-1086,C,Control Board,4,EA,Make,,,
4,10,      2404-848,B,Shaft 12mm Stainless,3,EA,Item,,06/17/2023,06/17/2024
4,20,      2410-938,,Hex Bolt M6x20,4,EA,,,04/02/2023,
4,30,      EC-51180,A,Crystal 16MHz,2,EA,Item,"C94, C95",2025-10-16,
4,40,      2417-460,-,Conformal Coating,0,G,Subcontract,,,
4,50,      2420-025,,Wire 0.75mm2 Black,"3,556",KG,ITEM,,2025-05-28,
4,60,      EC-51186,D,Capacitor 100nF 50V,2,PC,Item,U96-U97,2026-08-19,
4,70,      EC-51190,B,Capacitor 100nF 50V,2,ea,Purchased,"C98, C99",2024-05-23,
4,80,      2421-067,B,Nut M6 Nyloc,6,ea,item,,06/26/2023,
4,90,      EC-51194,C,Crystal 16MHz,6,,Item,"C100,C101,C102,C103,C104,C105",09/23/2024,
3,50,    0453-204,A,Washer M6 Plain A4,4,Ea,Pegged supply,,2026-04-04,2027-04-04
3,60,    2425-823,2,Grommet 8mm,4,pcs,Purchased,,04/20/2026,04/20/2027
3,70,    2427-571,A,Strip Copper 3mm,2.184,ML,Pegged,,2025-11-09,
3,80,    0712-330,A,O-Ring 24mm Viton,8,PCS,Item,,2024-05-03,
3,90,    EC-51198,01,Diode Schottky 40V,2,EA,Pegged supply,"C106,C107",2024-12-01,
3,100,    SA-1090,,Filter Cartridge,1,Each,Item,,,
4,10,      0453-204,-,Washer M6 Plain A4,1,PCS,Buy,,2023-06-26,
4,20,      2431-733,D,Spring 8N,2,PC,vendor,,2026-12-23,
4,30,      2437-365,B,Terminal Block 4W,2,PC,Standard,,2024-12-17,
4,40,      2442-829,02,Spring 8N,1,PC,Item,,2025-07-28,
4,50,      EC-51207,B,LED Green 0603,3,,Buy,C108-C110,2023-11-05,
4,60,      2444-583,C,Foam Tape 12mm,2.071,M,Pegged,,2023-02-14,
4,70,      EC-51213,A,LED Green 0603,4,PCS,Pegged supply,"C111,C112,C113,C114",2024-03-20,
4,80,      EC-51217,01,Crystal 16MHz,2,ea,Pegged supply,D115-D116,2025-02-20,
3,110,    SA-1092,A,Impeller Assembly,2,PCS,item,,2023-05-27,
4,10,      2449-869,C,Gasket PTFE 40mm,1,PCS,Item,,,
4,20,      EC-51226,D,LED Green 0603,3,EA,Item,"R117,R118,R119",05/26/2024,
4,30,      0453-204,A,Washer M6 Plain A4,12,Ea,Item,,2026-06-10,
4,40,      2456-258,1,Grommet 8mm,1,EA,Item,,2026-01-28,
4,50,      2459-494,A,Bushing Bronze 10mm,1,EA,vendor,,,
4,60,      EC-51230,2,Voltage Regulator 3V3,1,EA,Purchased,C120,2025-05-21,
3,120,    SA-1094,01,Impeller Assembly,1,ea,Item,,2023-07-16,
4,10,      2464-849,-,Cap Screw M4x12,2,PC,Item,,2026-12-07,
4,20,      2467-690,,O-Ring 24mm Viton,2,EA,Item,,2026-05-24,
4,30,      2474-592,A,Thread Locker Medium,0,G,Vendor,,,
4,40,      2480-343,C,Hex Bolt M6x20,1,EA,Item,,2026-11-04,
4,50,      2481-331,02,Shaft 12mm Stainless,6,PCS,Subcontract,,2023-04-28,
4,60,      2484-632,B,Extrusion 20x20 Slot,"4,082",G,,,2026-05-24,
4,70,      2491-211,C,Hex Bolt M6x20,1,PCS,Item,,06/24/2026,
4,80,      SA-1096,A,Pump Head,1,EA,Standard,,,
5,10,        2494-508,A,Washer M6 Plain,6,EA,item,,2024-09-08,
5,20,        0712-330,B,O-Ring 24mm Viton,1,Ea,ITEM,,07/02/2024,
5,30,        2498-761,-,Epoxy Adhesive 2-Part,0.02,ML,Buy,,2023-03-20,
5,40,        2504-018,B,Gasket PTFE 40mm,3,EA,Item,,08/06/2026,
5,50,        0712-330,,O-Ring 24mm Viton,4,PC,Vendor,,2023-10-07,
5,60,        2507-816,01,Extrusion 20x20 Slot,"0,503",KG,Item,,2023-10-10,
4,90,      SA-1097,01,Bracket Set,2,Ea,Item,,2023-10-06,
5,10,        EC-51234,A,Voltage Regulator 3V3,2,pcs,Subcontract,U121-U122,2024-04-16,
5,20,        EC-51243,C,Voltage Regulator 3V3,1,EA,Item,C123,,
5,30,        2511-260,A,O-Ring 24mm Viton,4,EA,Standard,,2024-01-19,
4,100,      SA-1098,B,Display Module,1,PC,item,,07/19/2025,
5,10,        2516-644,B,Nut M6 Nyloc,1,PC,Pegged,,10/07/2025,
5,20,        2519-538,-,Spring 8N,6,EA,Pegged supply,,10/16/2024,
5,30,        2521-525,C,Shaft 12mm Stainless,3,EA,Vendor,,2023-10-21,2024-10-21
4,110,      2527-222,A,Grommet 8mm,8,Ea,Item,,01/11/2024,
2,60,  SA-1102,A,Valve Block,1,EA,item,,2025-12-19,
3,10,    SA-1106,1,Sensor Stack,1,PCS,item,,2026-05-13,
4,10,      0712-330,A,O-Ring 24mm Viton,1,ea,Item,,2026-08-27,
4,20,      2534-070,1,Strip Copper 3mm,2.196,M,Item,,06/17/2025,
4,30,      0453-119,,Hex Bolt M6x20 A4,1,EA,Purchased,,09/17/2023,
4,40,      0453-204,,Washer M6 Plain A4,6,,,,,
4,50,      2537-950,01,Foam Tape 12mm,3.706,G,Item,,2026-09-22,
4,60,      2543-145,C,Foam Tape 12mm,2.472,ML,,,2025-09-25,
4,70,      2546-977,A,Extrusion 20x20 Slot,2.278,L,Buy,,,
3,20,    EC-51246,B,Crystal 16MHz,3,pcs,Subcontract,"L124,L125,L126",2023-03-25,
3,30,    SA-1107,C,Display Module,1,EA,Item,,2023-08-08,
4,10,      2552-098,C,Heat Shrink 6mm,24,EA,Standard,,2024-08-13,
4,20,      2558-184,01,Connector Housing 6P,1,EA,vendor,,01/09/2025,
4,30,      EC-51249,D,Crystal 16MHz,1,Each,Item,U127,2025-02-28,
4,40,      0453-119,,Hex Bolt M6x20 A4,2,EA,Buy,,2024-06-09,
4,50,      2561-350,D,Sheet Aluminium 1.5mm,0.551,SQM,Buy,,2026-03-05,
4,60,      SA-1109,01,Drive Unit,2,PC,Ph,,2026-09-26,
5,10,        0461-018,,Nut M6 Nyloc A4,3,PC,Standard,,2025-08-12,
5,20,        2568-819,,Thread Locker Medium,0,,Item,,2025-11-04,
5,30,        2569-379,,Spring 8N,6,EA,item,,2026-07-11,
4,70,      2576-969,B,Heat Shrink 6mm,1,EA,Item,,2025-01-26,
4,80,      2581-160,B,Shaft 12mm Stainless,2,EA,Item,,2023-12-07,
4,90,      EC-51254,B,Voltage Regulator 3V3,4,EA,ITEM,"L128, L129, L130, L131",03/10/2024,
4,100,      2584-594,-,Sealant Silicone Clear,2.815,MM,Item,,2023-10-27,
3,40,    2589-208,,Silicone Grease,0.02,,Make,,2026-08-16,
3,50,    SA-1113,01,Housing,1,EA,Item,,,
4,10,      2590-119,B,Gasket PTFE 40mm,12,PC,ITEM,,2025-11-22,
4,20,      SA-1114,,Manifold,1,PCS,Item,,06/23/2026,
5,10,        2597-394,B,Wire 0.75mm2 Black,3.778,L,Pegged supply,,10/08/2025,
5,20,        EC-51258,,Crystal 16MHz,4,ea,Item,"R132,R133,R134,R135",2026-08-20,2027-08-20
5,30,        0453-204,A,Washer M6 Plain A4,2,EA,Buy,,04/15/2026,
5,40,        0453-204,A,Washer M6 Plain A4,2,EA,Item,,2025-11-22,
5,50,        2602-369,C,Dowel Pin 5x16,8,EA,item,,11/18/2025,
5,60,        EC-51266,A,Inductor 4u7,2,EA,Item,C136-C137,05/11/2024,
5,70,        2606-589,01,Shaft 12mm Stainless,1,EA,Make,,2024-09-17,
5,80,        0453-204,-,Washer M6 Plain A4,8,Ea,Make,,,
4,30,      EC-51267,C,Diode Schottky 40V,1,ea,Item,C138,2023-03-14,
4,40,      EC-51273,C,Diode Schottky 40V,3,EA,Item,"C139,C140,C141",,
4,50,      SA-1115,02,Coupling Set,1,EA,Item,,2026-08-10,
5,10,        0712-330,A,O-Ring 24mm Viton,3,,Item,,2025-06-03,
5,20,        2611-058,-,Solder Paste SAC305,0,ML,Standard,,10/10/2025,
5,30,        EC-51278,-,Crystal 16MHz,3,EA,Item,"C142,C143,C144",2026-01-06,
5,40,        2615-350,A,Wire 0.75mm2 Red,0.063,SQM,Item,,2026-09-23,
5,50,        EC-51280,1,Inductor 4u7,1,EA,Item,L145,2026-04-10,
5,60,        2617-997,A,Extrusion 20x20 Slot,4.27,MM,Make,,09/14/2025,
4,60,      2623-474,A,Nut M6 Nyloc,6,PC,Subcontract,,2023-11-20,
4,70,      0453-119,A,Hex Bolt M6x20 A4,4,EA,Subcontract,,10/04/2023,
4,80,      2624-525,01,Braided Sleeve 10mm,2.15,SQM,Item,,,
4,90,      2628-277,02,Braided Sleeve 10mm,3.698,MM,Pegged,,12/05/2026,
4,100,      0453-119,A,Hex Bolt M6x20 A4,4,EA,Purchased,,2025-01-02,
4,110,      2630-246,-,Thread Locker Medium,0,ML,item,,2023-10-08,
4,120,      2631-678,A,Standoff M3x10,1,PCS,Item,,2024-06-19,
3,60,    EC-51281,-,Voltage Regulator 3V3,1,EA,item,C146,2023-02-28,
5,70,        SA-1117,A,Power Supply,2,PC,Phantom,,2023-04-11,
4,10,      EC-51286,01,Capacitor 100nF 50V,4,PC,Subcontract,"C147, C148, C149, C150",2025-08-01,
4,20,      2635-577,A,O-Ring 24mm Viton,24,EA,Pegged supply,,2024-05-07,
4,30,      2642-759,A,Retaining Ring 20mm,1,PCS,Pegged,,2025-04-13,
4,40,      EC-51293,,Voltage Regulator 3V3,2,EA,Item,C151-C152,2026-04-11,
4,50,      EC-51297,D,Capacitor 100nF 50V,2,EA,Vendor,"D153, D154",2023-01-12,
4,60,      EC-51301,,Capacitor 100nF 50V,1,PC,Item,C155,2025-09-13,
4,70,      EC-51303,02,Resistor 10k 0603,3,ea,item,C156-C158,11/24/2024,
4,80,      SA-1119,A,Power Supply,1,EA,Phantom Item,,2025-06-12,
5,10,        2645-654,A,Ribbon Cable 20W,3,EA,,,2024-09-19,
5,20,        2647-351,,Dowel Pin 5x16,2,EA,Pegged,,,
5,30,        0461-018,A,Nut M6 Nyloc A4,1,EA,Item,,2025-04-19,
5,40,        2652-119,A,Cable Tie 100mm,1,,Item,,2023-11-10,
5,50,        2659-867,,Retaining Ring 20mm,12,pcs,Item,,,
4,90,      2660-561,02,Standoff M3x10,8,PC,Vendor,,2026-07-01,
3,80,    EC-51306,A,Voltage Regulator 3V3,1,EA,Buy,L159,2025-05-05,
3,90,    2666-302,1,Heat Shrink 6mm,4,PCS,Item,,2023-05-03,
3,100,    SA-1123,D,Power Supply,1,EA,item,,2025-09-27,2026-09-27
4,10,      0712-330,A,O-Ring 24mm Viton,24,EA,Purchased,,04/22/2024,
4,20,      2673-919,,Spring 8N,8,Ea,Make,,2026-02-01,
4,30,      EC-51313,C,Diode Schottky 40V,2,,Pegged supply,"R160, R161",04/24/2026,
4,40,      2676-228,,Washer M6 Plain,3,EA,Purchased,,2023-07-04,2024-07-04
4,50,      0712-330,,O-Ring 24mm Viton,3,EA,Purchased,,2025-09-18,
4,60,      0453-119,A,Hex Bolt M6x20 A4,2,EA,vendor,,2026-04-19,
4,70,      2679-016,D,Cable Tie 100mm,6,EA,Pegged,,11/05/2025,
4,80,      0461-018,-,Nut M6 Nyloc A4,3,EA,Subcontract,,2024-09-13,
4,90,      2686-912,,Thread Locker Medium,0,G,Item,,,
4,100,      2693-159,-,Epoxy Adhesive 2-Part,0,,,,2026-06-18,
4,110,      0453-119,A,Hex Bolt M6x20 A4,1,PCS,Buy,,2024-10-28,
4,120,      2698-175,A,Shaft 12mm Stainless,1,ea,,,,
2,70,  0453-204,,Washer M6 Plain A4,3,EA,Vendor,,08/07/2024,
2,80,  SA-1126,C,Enclosure,1,PC,Item,,2025-02-20,
3,10,    2703-242,A,Conformal Coating,0,ML,Pegged supply,,,
3,20,    0712-330,A,O-Ring 24mm Viton,24,EA,Item,,2024-02-04,
3,30,    EC-51314,A,MOSFET N-Ch 30V,1,pcs,Purchased,R162,2024-12-19,
3,40,    EC-51317,A,LED Green 0603,1,Each,Item,R163,2023-10-27,2024-10-27
3,50,    0461-018,A,Nut M6 Nyloc A4,12,PC,Vendor,,2026-03-12,
3,60,    SA-1129,1,Control Board,1,EA,Item,,2024-06-24,
4,10,      EC-51324,B,MOSFET N-Ch 30V,4,pcs,Item,R164-R167,2025-03-04,
4,20,      2704-311,A,Hex Bolt M6x20,4,EA,Vendor,,2023-12-17,
4,30,      2710-208,A,Grommet 8mm,6,EA,Item,,2024-01-20,2025-01-20
4,40,      2711-053,02,Sealant Silicone Clear,1.622,M,Vendor,,2026-10-25,
4,50,      2716-944,C,Hex Bolt M6x20,1,PCS,Purchased,,2023-07-21,
4,60,      2718-742,D,Standoff M3x10,8,EA,,,2025-11-25,
4,70,      2723-649,B,Gasket PTFE 40mm,3,EA,Pegged supply,,2025-10-04,2026-10-04
4,80,      0453-119,,Hex Bolt M6x20 A4,1,EA,Vendor,,2026-03-08,
4,90,      EC-51329,D,LED Green 0603,1,,Buy,R168,2025-04-15,
4,100,      2728-541,A,Solder Paste SAC305,0,,,,2023-04-17,
3,70,    EC-51330,B,LED Green 0603,2,PC,Buy,R169-R170,2026-07-15,
3,80,    SA-1131,,Pump Head,2,Each,Phantom,,2025-11-24,
4,10,      EC-51332,B,Resistor 10k 0603,4,PC,Pegged supply,"L171,L172,L173,L174",2023-02-20,
4,20,      0461-018,B,Nut M6 Nyloc A4,12,EA,Item,,2023-04-22,
4,30,      2729-366,C,Cable Tie 100mm,12,EA,Item,,03/04/2023,03/04/2024
4,40,      2735-825,2,Strip Copper 3mm,4.102,L,Buy,,2025-09-23,2026-09-23
4,50,      2739-955,-,Wire 0.75mm2 Black,"0,92",M,vendor,,,
4,60,      0712-330,A,O-Ring 24mm Viton,2,ea,Purchased,,2024-05-28,
4,70,      EC-51333,01,Resistor 10k 0603,4,EA,,"C175, C176, C177, C178",2023-07-02,
4,80,      2740-889,,Thread Locker Medium,0,G,Pegged supply,,2025-06-18,
4,90,      EC-51338,1,Inductor 4u7,1,PC,Make,R179,,
3,90,    0453-119,,Hex Bolt M6x20 A4,12,ea,item,,2024-11-20,
3,100,    SA-1134,-,Enclosure,1,,Phantom,,2023-02-11,
4,10,      2741-240,2,Terminal Block 4W,2,pcs,Subcontract,,03/20/2026,
4,20,      2747-155,A,Terminal Block 4W,1,pcs,Item,,2026-03-08,
4,30,      SA-1138,1,Sensor Stack,4,EA,item,,2025-02-22,
5,10,        2754-351,1,O-Ring 24mm Viton,1,EA,Make,,2025-07-13,
5,20,        EC-51342,A,Voltage Regulator 3V3,1,EA,Item,R180,2026-01-24,
5,30,        2758-350,02,Cable 4-Core Screened,0.748,L,Item,,12/08/2026,
5,40,        EC-51350,C,LED Green 0603,1,Ea,Item,R181,2024-10-06,
5,50,        0712-330,A,O-Ring 24mm Viton,6,EA,Subcontract,,2023-05-17,
5,60,        2761-634,2,Heat Shrink 6mm,2,EA,Buy,,2025-08-17,
4,40,      SA-1141,C,Power Supply,1,Each,phantom,,2025-05-25,
5,10,        0712-330,A,O-Ring 24mm Viton,2,EA,,,2023-02-08,
5,20,        2763-481,-,Solder Paste SAC305,0,ML,Item,,2025-03-27,
5,30,        2767-915,,Silicone Grease,0,EA,Pegged,,2023-04-11,
5,40,        0453-119,,Hex Bolt M6x20 A4,4,ea,Purchased,,2023-03-27,
5,50,        2773-208,-,Thread Locker Medium,0,G,Make,,02/05/2024,02/05/2025
5,60,        0712-330,,O-Ring 24mm Viton,1,EA,Purchased,,2023-11-07,
5,70,        EC-51355,C,Capacitor 100nF 50V,1,PC,Purchased,C182,2023-07-06,2024-07-06
4,50,      0712-330,B,O-Ring 24mm Viton,2,EA,,,2025-01-22,
4,60,      EC-51360,1,MOSFET N-Ch 30V,4,EA,item,R183-R186,2026-04-05,
4,70,      2778-166,-,Washer M6 Plain,2,PC,Item,,2023-05-10,
4,80,      EC-51363,,Capacitor 100nF 50V,1,EA,Buy,R187,2026-06-18,
4,90,      2780-359,B,Dowel Pin 5x16,2,ea,Subcontract,,09/19/2026,
4,100,      2783-226,01,Label Serial 30x15,1,EA,Buy,,,
4,110,      2785-921,B,Sheet Aluminium 1.5mm,0.325,KG,Purchased,,2024-06-23,
4,120,      SA-1143,02,Gearbox,1,EA,Item,,2023-03-14,
5,10,        2789-060,01,Shaft 12mm Stainless,8,EA,Item,,2025-04-17,
5,20,        2793-690,,Conformal Coating,AR,ML,Buy,,2026-02-10,2027-02-10
5,30,        EC-51366,01,Inductor 4u7,1,ea,Item,C188,,
5,40,        EC-51372,A,Inductor 4u7,6,PCS,Vendor,"U189, U190, U191, U192, U193, U194",,
5,50,        EC-51377,A,Capacitor 100nF 50V,1,PC,Purchased,C195,,
5,60,        2799-276,01,Washer M6 Plain,3,PCS,Purchased,,2023-10-02,
2,90,  2801-778,,Epoxy Adhesive 2-Part,0,,Item,,11/26/2023,
2,100,  SA-1147,A,Manifold,1,,Phantom,,2025-09-15,
3,10,    0712-330,-,O-Ring 24mm Viton,3,EA,Make,,04/11/2026,
3,20,    SA-1150,B,Sensor Stack,1,EA,Make,,10/21/2025,
4,10,      EC-51382,A,Resistor 10k 0603,4,pcs,Purchased,U196-U199,2024-07-08,
4,20,      EC-51388,B,Voltage Regulator 3V3,4,EA,Purchased,R200-R203,03/28/2024,
4,30,      0461-018,A,Nut M6 Nyloc A4,12,EA,Item,,2023-12-02,
4,40,      2807-094,A,Washer M6 Plain,1,Each,Item,,2026-04-24,
4,50,      SA-1151,01,Cable Harness,1,PCS,Item,,2024-08-20,
5,10,        EC-51393,A,Diode Schottky 40V,1,EA,item,U204,11/26/2026,
5,20,        2809-782,B,Sealant Silicone Clear,"3,27",M,Subcontract,,11/11/2026,
5,30,        2810-848,A,Cap Screw M4x12,6,ea,,,2023-07-16,
5,40,        2812-774,02,Bushing Bronze 10mm,6,PCS,Purchased,,2025-11-22,
5,50,        2817-192,-,Silicone Grease,AR,G,Item,,09/18/2025,
5,60,        0453-119,B,Hex Bolt M6x20 A4,4,EA,item,,,
5,70,        2819-386,A,Shaft 12mm Stainless,1,EA,Item,,,
5,80,        2820-279,C,Connector Housing 6P,2,EA,Purchased,,2026-07-26,
4,60,      2821-891,2,O-Ring 24mm Viton,1,EA,ITEM,,2024-12-24,
3,30,    2825-277,A,Ribbon Cable 20W,2,ea,Standard,,2026-07-02,
3,40,    2827-554,C,Shaft 12mm Stainless,2,EA,Subcontract,,2025-01-14,
3,50,    2828-593,A,Nut M6 Nyloc,2,PC,Standard,,2023-04-17,
2,110,  SA-1155,A,Power Supply,1,,Item,,2024-07-10,
3,10,    EC-51396,01,Capacitor 100nF 50V,2,EA,Standard,"L205,L206",2024-09-04,
3,20,    2830-166,,Label Serial 30x15,8,PC,item,,2025-09-22,
3,30,    2831-054,,Retaining Ring 20mm,1,EA,Purchased,,07/01/2025,
3,40,    2838-460,C,Washer M6 Plain,2,EA,Item,,06/01/2026,06/01/2027
3,50,    SA-1157,01,Housing,1,EA,Item,,,
4,10,      2845-511,A,Strip Copper 3mm,1.347,MM,Make,,,
4,20,      2852-943,-,Wire 0.75mm2 Red,0.97,M,Purchased,,05/23/2026,
4,30,      0712-330,B,O-Ring 24mm Viton,4,PC,item,,06/09/2023,06/09/2024
4,40,      SA-1158,C,Cable Harness,1,,phantom,,2024-01-02,
5,10,        0453-204,A,Washer M6 Plain A4,1,PCS,Purchased,,2024-06-04,
5,20,        0453-204,,Washer M6 Plain A4,3,,Item,,2024-09-22,
5,30,        0453-204,B,Washer M6 Plain A4,1,PC,Item,,2023-04-16,
5,40,        0712-330,A,O-Ring 24mm Viton,1,ea,Pegged supply,,2025-10-06,
5,50,        2855-728,C,Wire 0.75mm2 Red,0.68,KG,vendor,,10/20/2023,
5,60,        0453-204,,Washer M6 Plain A4,12,pcs,Item,,2025-10-26,
5,70,        EC-51401,C,MOSFET N-Ch 30V,1,PCS,Standard,C207,,
5,80,        EC-51402,,MOSFET N-Ch 30V,1,EA,ITEM,L208,09/16/2025,
4,50,      2861-227,,Solder Paste SAC305,0,ML,Item,,2024-09-13,
4,60,      SA-1162,1,Cable Harness,1,EA,item,,2025-06-19,
5,10,        2868-730,A,Epoxy Adhesive 2-Part,0.02,EA,Item,,2024-08-14,
5,20,        EC-51407,02,Capacitor 100nF 50V,6,EA,Purchased,"L209,L210,L211,L212,L213,L214",2025-10-16,
5,30,        2873-192,B,Hex Bolt M6x20,2,EA,Purchased,,2023-09-22,2024-09-22
5,40,        EC-51414,,Resistor 10k 0603,1,Each,Pegged,R215,2026-01-14,
5,50,        2876-826,,Washer M6 Plain,1,ea,Vendor,,2024-07-25,
5,60,        0712-330,A,O-Ring 24mm Viton,3,EA,Purchased,,2026-12-23,
5,70,        2881-770,A,Label Serial 30x15,12,PC,Purchased,,2024-12-22,
4,70,      0461-018,,Nut M6 Nyloc A4,3,EA,Purchased,,,
3,60,    2884-560,,Cap Screw M4x12,2,Each,Item,,,
3,70,    2886-155,-,Silicone Grease,0,,Buy,,2024-02-02,
3,80,    2889-103,B,O-Ring 24mm Viton,1,EA,Buy,,,
2,120,  SA-1166,B,Cable Harness,1,,Item,,11/28/2023,
3,10,    SA-1167,A,Backplane,1,PCS,Item,,2024-07-10,
4,10,      SA-1171,-,Coupling Set,1,EA,Make,,2026-01-28,
5,10,        EC-51420,A,Capacitor 100nF 50V,3,PCS,Item,U216-U218,2025-06-10,
5,20,        EC-51421,02,Inductor 4u7,3,PCS,Standard,"C219, C220, C221",2025-07-16,
5,30,        0453-119,A,Hex Bolt M6x20 A4,12,PCS,Purchased,,2026-04-24,
4,20,      0712-330,B,O-Ring 24mm Viton,1,PCS,Subcontract,,2026-08-26,
4,30,      2895-425,A,Cap Screw M4x12,2,PCS,Purchased,,2025-05-03,2026-05-03
4,40,      0453-119,A,Hex Bolt M6x20 A4,2,PC,Subcontract,,03/04/2023,
4,50,      EC-51423,B,Diode Schottky 40V,3,EA,Item,D222-D224,2023-03-07,
4,60,      2901-859,,Foam Tape 12mm,2.662,L,Subcontract,,2026-04-16,
3,20,    EC-51431,A,MOSFET N-Ch 30V,6,EA,,R225-R230,06/19/2026,06/19/2027
3,30,    0712-330,B,O-Ring 24mm Viton,8,PCS,vendor,,2024-03-27,
3,40,    2902-437,-,Silicone Grease,0.02,ML,Item,,2024-07-15,
3,50,    SA-1173,,Control Board,1,EA,Item,,2025-04-03,2026-04-03
4,10,      2909-405,A,Foam Tape 12mm,2.796,KG,,,,
4,20,      SA-1175,2,Housing,1,EA,Item,,2025-05-03,
5,10,        EC-51438,,Capacitor 100nF 50V,2,EA,Item,L231-L232,07/21/2024,
5,20,        0712-330,,O-Ring 24mm Viton,4,EA,,,2026-08-14,
5,30,        2911-118,B,Washer M6 Plain,6,EA,,,11/09/2024,
5,40,        2914-605,B,O-Ring 24mm Viton,1,PC,item,,,
5,50,        EC-51441,01,Resistor 10k 0603,3,EA,,"C233, C234, C235",2024-02-03,
5,60,        EC-51446,B,Resistor 10k 0603,3,ea,,R236-R238,2024-09-16,
5,70,        2917-213,,Sheet Aluminium 1.5mm,4.308,KG,Item,,2026-03-27,
4,30,      2921-639,B,Bearing 6203-2RS,1,Each,Item,,04/04/2024,
4,40,      2926-005,B,Standoff M3x10,1,ea,Subcontract,,2024-05-12,
4,50,      0453-119,-,Hex Bolt M6x20 A4,8,EA,Make,,08/19/2024,
4,60,      0453-119,A,Hex Bolt M6x20 A4,24,EA,Vendor,,2025-08-10,
4,70,      EC-51450,01,Crystal 16MHz,1,ea,Make,R239,2024-03-03,2025-03-03
4,80,      2930-178,2,Cap Screw M4x12,6,EA,Buy,,2024-02-13,
2,130,  SA-1178,A,Coupling Set,1,EA,Ph,,2024-02-24,
3,10,    SA-1182,-,Filter Cartridge,2,EA,phantom,,2025-07-22,
4,10,      2932-928,1,Cable 4-Core Screened,2.839,G,item,,12/02/2025,12/02/2026
4,20,      2935-712,,Grommet 8mm,3,EA,Pegged supply,,2025-07-25,2026-07-25
4,30,      EC-51454,A,Capacitor 100nF 50V,4,Each,Purchased,"U240,U241,U242,U243",12/05/2024,
4,40,      2937-473,01,Spring 8N,2,EA,vendor,,2023-05-26,
4,50,      2944-746,B,Wire 0.75mm2 Red,0.752,M,Item,,2023-04-26,
4,60,      EC-51459,02,MOSFET N-Ch 30V,1,EA,Item,C244,2024-03-18,
4,70,      2949-970,C,Ribbon Cable 20W,1,EA,Item,,2024-02-12,
4,80,      0453-204,B,Washer M6 Plain A4,1,EA,Purchased,,2026-09-19,
4,90,      EC-51464,,Diode Schottky 40V,2,Ea,Item,"R245,R246",2025-11-23,2026-11-23
4,100,      EC-51466,B,Inductor 4u7,1,,vendor,D247,2025-07-11,
4,110,      2953-692,,Retaining Ring 20mm,2,EA,Buy,,,
4,120,      2956-860,02,Gasket PTFE 40mm,4,EA,Vendor,,06/12/2024,
3,20,    2962-759,B,Heat Shrink 6mm,8,Each,,,2024-06-07,
3,30,    2967-711,C,Ribbon Cable 20W,1,EA,Make,,2026-11-15,
3,40,    0712-330,,O-Ring 24mm Viton,1,EA,Pegged supply,,2024-12-15,
3,50,    0453-204,-,Washer M6 Plain A4,6,,Item,,,
3,60,    2971-829,C,Standoff M3x10,3,PCS,Vendor,,10/18/2026,
3,70,    EC-51469,01,LED Green 0603,1,pcs,Pegged supply,L248,2026-07-24,
3,80,    SA-1186,A,Valve Block,1,ea,Item,,2023-09-07,
4,10,      SA-1190,A,Valve Block,1,PCS,Item,,2023-03-24,
5,10,        EC-51470,A,Resistor 10k 0603,4,EA,Item,"C249, C250, C251, C252",2023-08-02,
5,20,        EC-51479,C,Capacitor 100nF 50V,1,EA,Pegged supply,C253,2026-07-05,
5,30,        EC-51484,,Voltage Regulator 3V3,3,PCS,Pegged supply,R254-R256,12/13/2024,
5,40,        2975-673,-,Solder Paste SAC305,0.02,EA,Purchased,,2025-05-14,
5,50,        EC-51490,2,Crystal 16MHz,4,PC,vendor,"C257,C258,C259,C260",2025-06-20,
5,60,        0461-018,A,Nut M6 Nyloc A4,2,pcs,Buy,,01/09/2026,
4,20,      2980-642,C,Hex Bolt M6x20,4,EA,Make,,2026-09-10,
4,30,      2986-054,A,Cable Tie 100mm,24,,Item,,2026-06-14,2027-06-14
4,40,      EC-51492,A,Resistor 10k 0603,1,EA,Pegged supply,R261,,
4,50,      EC-51500,01,Diode Schottky 40V,1,EA,Make,C262,,
4,60,      0461-018,A,Nut M6 Nyloc A4,6,EA,Pegged supply,,02/12/2026,
4,70,      2991-777,A,Extrusion 20x20 Slot,3.338,M,Item,,2025-08-17,
4,80,      2998-954,-,Thread Locker Medium,0,EA,Make,,2025-01-27,
4,90,      3005-634,A,Wire 0.75mm2 Black,3.273,ML,Item,,2023-02-08,
3,90,    3007-810,A,Retaining Ring 20mm,4,EA,Item,,2024-10-06,
3,100,    SA-1192,1,Bracket Set,1,,Item,,04/15/2026,
4,10,      EC-51505,A,Capacitor 100nF 50V,2,,Purchased,"R263, R264",2024-10-17,
4,20,      3010-787,02,Bushing Bronze 10mm,6,EA,Buy,,2025-08-08,
4,30,      3012-338,,Conformal Coating,0,,Make,,2023-12-09,
4,40,      SA-1195,1,Bracket Set,1,Ea,item,,2023-12-04,
5,10,        3013-640,,Washer M6 Plain,2,PCS,Vendor,,2024-06-01,
5,20,        3018-880,A,Sealant Silicone Clear,1.103,L,Item,,2025-02-04,
5,30,        3024-930,A,Strip Copper 3mm,1.906,M,Item,,,
5,40,        3025-087,B,Bearing 6203-2RS,4,EA,Subcontract,,2023-11-09,
5,50,        0461-018,A,Nut M6 Nyloc A4,1,EA,vendor,,08/07/2024,
4,50,      3030-025,-,Nut M6 Nyloc,1,,,,2023-07-08,
4,60,      3037-930,02,Braided Sleeve 10mm,"2,323",M,Item,,2024-07-22,
4,70,      EC-51513,,Resistor 10k 0603,1,ea,Purchased,C265,2024-09-17,
4,80,      3040-547,01,Standoff M3x10,12,EA,Standard,,10/14/2026,10/14/2027
4,90,      0461-018,A,Nut M6 Nyloc A4,12,Ea,Item,,2023-07-04,
4,100,      EC-51517,02,Resistor 10k 0603,4,PCS,Pegged supply,"D266, D267, D268, D269",2026-03-09,
1,,WF-3400,C,Merlin 90 Inline Analyser,1,EA,Item,,2025-06-16,
2,10,  SA-1197,02,Bracket Set,1,PCS,Make,,2023-04-07,
3,10,    SA-1199,D,Rotor Assembly,4,EA,Make,,2024-05-18,
4,10,      3042-237,C,Heat Shrink 6mm,1,Each,item,,,
4,20,      3049-114,B,Wire 0.75mm2 Black,2.891,KG,Item,,01/07/2025,
4,30,      3054-864,,Solder Paste SAC305,0.02,,Buy,,11/17/2023,
4,40,      0461-018,B,Nut M6 Nyloc A4,4,EA,Pegged supply,,,
4,50,      EC-51522,1,LED Green 0603,1,Ea,Item,L270,2023-12-20,
4,60,      3057-025,C,Label Serial 30x15,6,ea,,,,
4,70,      3058-631,02,Strip Copper 3mm,2.882,SQM,Vendor,,09/21/2025,09/21/2026
4,80,      3062-135,-,Conformal Coating,0,EA,Buy,,2025-06-25,
4,90,      0453-204,-,Washer M6 Plain A4,6,EA,Item,,2024-11-18,
4,100,      3064-257,02,Cable 4-Core Screened,0.785,MM,Standard,,2023-03-26,
4,110,      3067-355,A,Grommet 8mm,2,PC,item,,2024-11-22,
4,120,      3071-892,,Grommet 8mm,2,ea,Standard,,2025-12-10,
3,20,    SA-1201,2,Manifold,1,EA,Item,,2026-10-06,2027-10-06
4,10,      EC-51523,C,MOSFET N-Ch 30V,1,EA,Purchased,C271,2024-02-05,
4,20,      SA-1205,B,Control Board,1,EA,Item,,,
5,10,        3078-882,A,Strip Copper 3mm,0.156,SQM,item,,2024-04-18,
5,20,        0712-330,B,O-Ring 24mm Viton,2,ea,item,,2023-10-26,
5,30,        EC-51531,1,LED Green 0603,1,,Purchased,C272,2026-08-14,
5,40,        0712-330,A,O-Ring 24mm Viton,8,EA,vendor,,,
5,50,        EC-51536,1,Voltage Regulator 3V3,1,PC,Subcontract,C273,,
5,60,        3084-504,,Isopropyl Alcohol,0,ML,Pegged supply,,2026-07-01,
5,70,        EC-51544,01,Resistor 10k 0603,1,,Purchased,R274,,
5,80,        3085-642,1,Retaining Ring 20mm,8,PCS,Purchased,,,
4,30,      3086-402,A,Cable 4-Core Screened,3.048,M,,,01/27/2026,
4,40,      3090-573,C,Label Serial 30x15,8,PCS,Buy,,2026-12-13,
4,50,      EC-51545,A,Resistor 10k 0603,3,EA,,"U275,U276,U277",2025-04-06,
4,60,      3097-569,A,Epoxy Adhesive 2-Part,AR,EA,,,2025-08-20,
4,70,      EC-51549,A,MOSFET N-Ch 30V,2,EA,Buy,R278-R279,,
4,80,      SA-1209,,Drive Unit,1,,Item,,2023-11-04,
5,10,        3099-928,A,Washer M6 Plain,8,PCS,Buy,,2023-09-19,
5,20,        0453-204,B,Washer M6 Plain A4,8,EA,Item,,11/04/2026,
5,30,        0461-018,A,Nut M6 Nyloc A4,8,EA,Item,,2025-01-02,
5,40,        3101-915,2,Standoff M3x10,,EA,Pegged supply,,,
5,50,        EC-51556,A,Crystal 16MHz,1,EA,Item,R280,12/01/2024,
5,60,        3105-253,B,Cable Tie 100mm,1,PCS,Subcontract,,2024-03-02,
4,90,      3112-419,C,Cable Tie 100mm,1,EA,Subcontract,,2026-02-04,
3,30,    SA-1210,C,Control Board,1,PCS,Item,,2023-10-07,2024-10-07
4,10,      3117-144,-,Isopropyl Alcohol,0,ML,Item,,2025-04-10,
4,20,      0461-018,-,Nut M6 Nyloc A4,6,Ea,vendor,,2024-03-17,
4,30,      3118-834,B,Braided Sleeve 10mm,2.822,G,Purchased,,2026-05-02,
4,40,      3122-656,2,Standoff M3x10,1,ea,item,,2024-05-15,2025-05-15
4,50,      3129-016,,Connector Housing 6P,24,EA,Pegged supply,,2025-08-03,
4,60,      0461-018,A,Nut M6 Nyloc A4,1,EA,Item,,2023-05-20,
4,70,      3130-963,A,Dowel Pin 5x16,6,EA,Item,,2026-12-02,
4,80,      3132-784,02,Cable 4-Core Screened,3.912,L,Subcontract,,2025-08-27,
4,90,      SA-1211,2,Filter Cartridge,2,EA,Standard,,01/14/2025,
5,10,        EC-51565,C,LED Green 0603,1,PC,Buy,C281,2024-11-08,
5,20,        3133-572,A,Connector Housing 6P,1,EA,Make,,2026-02-17,
5,30,        3138-881,,Sheet Aluminium 1.5mm,0.808,KG,Make,,2023-04-23,2024-04-23
5,40,        3144-488,C,Strip Copper 3mm,2.865,L,Item,,2025-06-09,2026-06-09
5,50,        3148-042,B,Braided Sleeve 10mm,4.086,M,item,,05/04/2026,
4,100,      3155-461,B,Gasket PTFE 40mm,3,,Subcontract,,2026-07-11,
4,110,      3158-251,2,Cable Tie 100mm,3,EA,Item,,2024-05-11,2025-05-11
3,40,    3159-817,D,Ribbon Cable 20W,1,EA,Make,,2025-06-15,
3,50,    3164-976,B,Sheet Aluminium 1.5mm,3.986,KG,Pegged supply,,2024-01-03,
2,20,  3169-600,1,Connector Housing 6P,6,ea,item,,,
2,30,  SA-1214,02,Housing,2,EA,Phantom,,,
3,10,    0453-119,A,Hex Bolt M6x20 A4,1,PCS,Item,,11/18/2026,
3,20,    3173-337,C,Standoff M3x10,1,,Vendor,,2023-09-04,
3,30,    SA-1217,1,Display Module,1,EA,Item,,2024-11-22,
4,10,      0712-330,,O-Ring 24mm Viton,24,EA,vendor,,2026-03-16,
4,20,      3174-768,02,Bearing 6203-2RS,2,EA,Buy,,2024-11-08,
4,30,      0461-018,,Nut M6 Nyloc A4,6,pcs,Purchased,,2025-07-14,
4,40,      EC-51573,D,MOSFET N-Ch 30V,4,pcs,Pegged supply,R282-R285,2024-07-22,
4,50,      0461-018,,Nut M6 Nyloc A4,1,ea,Vendor,,2024-07-15,
4,60,      SA-1219,A,Backplane,1,PC,Item,,2026-07-05,
5,10,        0461-018,B,Nut M6 Nyloc A4,1,EA,Make,,09/03/2023,
5,20,        EC-51577,01,Inductor 4u7,4,EA,,"R286,R287,R288,R289",2024-03-08,
5,30,        3177-345,,Tube PTFE 4x6mm,1.519,G,vendor,,2023-04-18,
5,40,        3178-711,A,Terminal Block 4W,8,PC,Item,,,
5,50,        0712-330,,O-Ring 24mm Viton,1,PC,Item,,2025-03-10,2026-03-10
5,60,        0453-204,-,Washer M6 Plain A4,1,EA,Purchased,,02/13/2026,
4,70,      SA-1221,D,Sensor Stack,1,EA,Item,,2024-08-15,
5,10,        3184-205,D,Bearing 6203-2RS,1,EA,Make,,2025-08-21,
5,20,        3187-645,A,Gasket PTFE 40mm,2,EA,item,,2023-06-27,2024-06-27
5,30,        EC-51581,C,LED Green 0603,1,EA,Item,C290,2025-09-03,
5,40,        0712-330,,O-Ring 24mm Viton,1,,Buy,,2026-03-14,2027-03-14
5,50,        EC-51585,02,LED Green 0603,1,EA,item,C291,2023-09-14,2024-09-14
3,40,    3190-135,01,Ribbon Cable 20W,1,ea,Pegged,,2024-06-04,
3,50,    SA-1222,A,Rotor Assembly,1,PC,Phantom,,2023-07-09,
4,10,      EC-51587,A,Inductor 4u7,1,ea,Item,R292,2024-08-05,
4,20,      SA-1224,B,Gearbox,1,EA,Item,,2023-07-26,
5,10,        0453-119,,Hex Bolt M6x20 A4,1,ea,Item,,2023-05-14,
5,20,        EC-51588,01,LED Green 0603,1,,,C293,2026-05-22,
5,30,        EC-51594,B,Diode Schottky 40V,2,PCS,Item,"R294,R295",2023-03-14,
5,40,        3197-432,-,Sheet Aluminium 1.5mm,2.738,SQM,Buy,,2025-06-04,
4,30,      3201-160,1,Standoff M3x10,4,EA,,,07/07/2023,07/07/2024
4,40,      3202-523,,Foam Tape 12mm,3.296,M,Item,,2026-03-18,
4,50,      EC-51602,2,Resistor 10k 0603,3,PCS,Item,"C296,C297,C298",2023-01-22,
4,60,      3207-692,C,Spring 8N,2,PC,Purchased,,2026-09-05,
3,60,    EC-51610,C,MOSFET N-Ch 30V,1,EA,Subcontract,C299,,
2,40,  SA-1227,A,Sensor Stack,1,PC,Item,,2024-07-26,
3,10,    3213-128,01,Retaining Ring 20mm,8,Each,Purchased,,2024-05-20,
3,20,    SA-1230,02,Impeller Assembly,2,EA,Item,,2025-04-10,
4,10,      3215-970,,Wire 0.75mm2 Black,3.247,KG,Item,,2023-12-04,
4,20,      3222-806,B,Terminal Block 4W,1,EA,Purchased,,2025-08-07,
4,30,      3226-678,01,Strip Copper 3mm,2.863,MM,,,2025-03-20,
4,40,      3229-548,D,Shaft 12mm Stainless,8,PCS,Item,,,
4,50,      3231-782,01,Label Serial 30x15,8,Each,Buy,,2023-01-24,
4,60,      3237-372,B,Bearing 6203-2RS,1,PCS,Item,,,
4,70,      3241-481,A,Braided Sleeve 10mm,1.93,M,Buy,,,
4,80,      0453-204,B,Washer M6 Plain A4,6,PC,Item,,,
4,90,      SA-1233,A,Cable Harness,1,pcs,Item,,2024-06-25,
5,10,        EC-51618,B,Inductor 4u7,4,ea,,"R300, R301, R302, R303",2023-11-28,
5,20,        0461-018,A,Nut M6 Nyloc A4,3,PC,Item,,2025-02-21,
5,30,        EC-51623,,Diode Schottky 40V,1,,item,R304,2023-12-08,
5,40,        3245-207,A,Epoxy Adhesive 2-Part,0,ML,Subcontract,,,
5,50,        3246-419,02,Wire 0.75mm2 Black,0.853,ML,ITEM,,2024-01-03,
4,100,      3249-858,A,Thread Locker Medium,0.02,EA,Purchased,,,
4,110,      0453-204,,Washer M6 Plain A4,1,,item,,2023-01-28,
3,30,    3256-542,,Bushing Bronze 10mm,1,EA,,,2023-09-18,
3,40,    3261-083,D,Hex Bolt M6x20,3,PC,Make,,2025-11-02,
3,50,    3264-914,,Wire 0.75mm2 Red,0.597,ML,Subcontract,,11/28/2026,
2,50,  SA-1234,,Sensor Stack,1,PC,Item,,2023-05-23,
3,10,    3268-866,C,Bearing 6203-2RS,8,PCS,Item,,2026-03-10,
3,20,    SA-1238,A,Coupling Set,1,,Ph,,2026-02-04,
4,10,      SA-1240,01,Gearbox,4,EA,Item,,11/24/2025,
5,10,        EC-51627,02,Capacitor 100nF 50V,2,PC,Purchased,"C305,C306",,
5,20,        3274-414,C,Bearing 6203-2RS,1,ea,Buy,,2026-05-15,
5,30,        EC-51632,B,LED Green 0603,6,EA,Purchased,"R307,R308,R309,R310,R311,R312",2025-03-12,
4,20,      3275-440,A,Strip Copper 3mm,1.691,G,Purchased,,2026-09-26,
4,30,      3279-836,,Solder Paste SAC305,0.02,G,Subcontract,,07/05/2024,
4,40,      0453-204,,Washer M6 Plain A4,1,ea,Vendor,,2023-04-28,2024-04-28
4,50,      3285-321,02,Cable 4-Core Screened,0.576,M,Purchased,,2024-08-03,
3,30,    3292-529,A,Sealant Silicone Clear,3.586,KG,Pegged,,04/06/2023,
3,40,    SA-1241,2,Coupling Set,1,EA,Standard,,2023-08-07,
4,10,      EC-51639,B,Diode Schottky 40V,1,Each,Standard,U313,,
4,20,      EC-51640,B,Voltage Regulator 3V3,1,EA,Subcontract,D314,2023-01-27,
4,30,      0453-119,,Hex Bolt M6x20 A4,4,EA,,,2024-11-06,2025-11-06
4,40,      EC-51649,B,Resistor 10k 0603,2,EA,Purchased,R315-R316,,
4,50,      EC-51654,02,Inductor 4u7,4,EA,Item,"R317,R318,R319,R320",2026-08-15,2027-08-15
4,60,      3297-999,,Washer M6 Plain,1,PC,item,,2023-04-07,
4,70,      SA-1245,2,Impeller Assembly,1,PC,item,,2025-05-17,
5,10,        3299-329,01,Gasket PTFE 40mm,2,PCS,Make,,2023-12-20,
5,20,        3302-877,,Solder Paste SAC305,0,G,Item,,2023-10-25,
5,30,        0453-204,A,Washer M6 Plain A4,8,PCS,Pegged,,2024-05-06,
5,40,        3306-264,A,Strip Copper 3mm,2.584,M,Buy,,2024-01-21,
5,50,        3310-531,C,Nut M6 Nyloc,3,EA,Buy,,2025-01-15,
5,60,        EC-51657,2,Crystal 16MHz,2,ea,Standard,"U321,U322",2026-06-04,2027-06-04
5,70,        3317-666,D,Retaining Ring 20mm,2,ea,Item,,,
5,80,        EC-51661,B,Voltage Regulator 3V3,1,EA,Subcontract,R323,01/03/2023,
4,80,      SA-1247,A,Cable Harness,2,ea,item,,2024-02-13,
5,10,        3321-207,A,Ribbon Cable 20W,2,EA,vendor,,2025-06-14,
5,20,        3324-214,B,Bearing 6203-2RS,8,ea,Pegged supply,,2026-10-07,2027-10-07
5,30,        EC-51665,A,Crystal 16MHz,2,PC,vendor,"U324, U325",2024-06-23,2025-06-23
5,40,        3329-793,-,Isopropyl Alcohol,AR,,Make,,2023-01-11,
5,50,        3335-236,,Bushing Bronze 10mm,3,Ea,Make,,2024-05-23,
5,60,        EC-51668,-,Inductor 4u7,3,PCS,Item,"R326, R327, R328",,
5,70,        0712-330,B,O-Ring 24mm Viton,8,PCS,Item,,2023-02-28,
5,80,        3342-640,A,Cable 4-Core Screened,2.414,KG,item,,2024-06-02,
4,90,      EC-51674,01,LED Green 0603,1,EA,Purchased,R329,2026-02-27,
4,100,      3347-793,B,Gasket PTFE 40mm,1,EA,,,09/07/2023,09/07/2024
4,110,      SA-1249,A,Seal Kit,1,EA,Item,,2024-03-04,
5,10,        0453-204,B,Washer M6 Plain A4,2,ea,Buy,,2026-12-20,
5,20,        0453-204,-,Washer M6 Plain A4,6,ea,Item,,2025-01-14,
5,30,        0461-018,A,Nut M6 Nyloc A4,4,EA,Vendor,,2023-12-12,
5,40,        3348-389,B,Standoff M3x10,4,EA,Item,,11/25/2025,
3,50,    SA-1253,,Bracket Set,1,pcs,Phantom,,2026-06-25,
4,10,      EC-51677,C,Voltage Regulator 3V3,1,PC,Buy,D330,2025-06-15,
4,20,      3354-233,01,Connector Housing 6P,1,pcs,Item,,2025-10-08,2026-10-08
4,30,      SA-1254,2,Filter Cartridge,1,,item,,2023-06-06,
5,10,        EC-51678,B,Inductor 4u7,1,EA,vendor,U331,2026-01-16,
5,20,        3358-400,2,Nut M6 Nyloc,1,EA,Vendor,,2024-10-03,
5,30,        3362-153,B,Hex Bolt M6x20,3,pcs,Subcontract,,09/08/2025,
5,40,        3366-107,B,Washer M6 Plain,12,PC,Purchased,,2026-05-03,
5,50,        0453-119,A,Hex Bolt M6x20 A4,1,EA,Pegged,,2024-10-25,
5,60,        3369-932,01,Cable Tie 100mm,1,EA,Pegged,,2025-03-13,
4,40,      0453-204,,Washer M6 Plain A4,12,Ea,Purchased,,02/03/2024,
4,50,      3376-784,-,Solder Paste SAC305,0,G,Item,,,
4,60,      SA-1256,A,Pump Head,1,EA,PHANTOM,,2025-10-20,
5,10,        0461-018,A,Nut M6 Nyloc A4,4,EA,Item,,2024-05-06,
5,20,        3383-305,B,Wire 0.75mm2 Black,1.494,M,item,,2026-06-24,
5,30,        3385-196,01,Wire 0.75mm2 Black,2.615,ML,Item,,2025-12-26,
5,40,        0461-018,A,Nut M6 Nyloc A4,2,EA,Subcontract,,01/24/2024,
5,50,        3387-619,,Retaining Ring 20mm,4,,Pegged supply,,2023-01-18,
5,60,        0453-204,,Washer M6 Plain A4,2,EA,Pegged supply,,,
4,70,      EC-51683,2,Voltage Regulator 3V3,1,PCS,Buy,R332,09/06/2023,
4,80,      EC-51686,01,Inductor 4u7,3,EA,Item,R333-R335,2023-12-08,
4,90,      3392-471,C,Grommet 8mm,1,,Vendor,,2025-08-18,2026-08-18
4,100,      EC-51695,C,Diode Schottky 40V,3,EA,Make,C336-C338,2024-11-16,
4,110,      3393-472,01,Braided Sleeve 10mm,2.754,M,item,,2025-12-15,
3,60,    SA-1258,A,Manifold,1,Each,Ph,,2026-05-24,
4,10,      0453-119,A,Hex Bolt M6x20 A4,3,ea,Item,,2024-07-27,2025-07-27
4,20,      3396-406,-,Thread Locker Medium,0,ML,Item,,,
4,30,      3401-866,C,Cable Tie 100mm,1,EA,Item,,2025-08-21,
4,40,      3407-040,02,Extrusion 20x20 Slot,0.668,MM,Standard,,,
4,50,      SA-1260,C,Backplane,1,EA,Item,,08/05/2026,
5,10,        3408-548,01,Heat Shrink 6mm,2,ea,item,,06/27/2023,
5,20,        3412-016,,Nut M6 Nyloc,4,EA,Standard,,,
5,30,        3419-694,01,Gasket PTFE 40mm,1,PC,ITEM,,2024-10-02,
5,40,        EC-51702,01,Voltage Regulator 3V3,2,PC,Buy,R339-R340,2026-10-10,
5,50,        3421-275,A,Cable 4-Core Screened,3.577,L,Item,,,
5,60,        EC-51711,01,Resistor 10k 0603,1,Ea,Buy,R341,2024-08-25,
4,60,      EC-51713,C,Diode Schottky 40V,1,PCS,Buy,R342,2026-09-17,
4,70,      EC-51721,,Voltage Regulator 3V3,2,Each,Pegged supply,"R343,R344",2025-05-13,
3,70,    SA-1261,01,Cable Harness,1,EA,Item,,2023-01-18,2024-01-18
4,10,      SA-1262,B,Bracket Set,1,ea,Item,,12/03/2023,
5,10,        3428-577,01,Cap Screw M4x12,4,EA,Subcontract,,2025-01-12,
5,20,        0453-204,B,Washer M6 Plain A4,3,EA,Item,,12/25/2026,
5,30,        3430-473,A,Wire 0.75mm2 Black,1.613,M,Subcontract,,,
5,40,        3432-520,01,Cable Tie 100mm,1,,Buy,,2026-01-01,
5,50,        3439-631,,Wire 0.75mm2 Red,1.518,M,Pegged supply,,2025-09-17,2026-09-17
5,60,        EC-51730,A,Inductor 4u7,1,PC,Make,D345,2026-04-10,
5,70,        0461-018,A,Nut M6 Nyloc A4,6,,Standard,,06/13/2023,
4,20,      3442-617,,Wire 0.75mm2 Red,"2,135",KG,Item,,2024-07-07,
4,30,      3444-253,-,Silicone Grease,AR,ML,vendor,,2023-01-24,
4,40,      3447-837,,Tube PTFE 4x6mm,0.942,L,Purchased,,2025-09-19,
4,50,      SA-1263,,Seal Kit,1,ea,phantom,,2023-04-01,
5,10,        3451-233,-,Solder Paste SAC305,0,,Item,,2025-10-06,
5,20,        3452-631,,Label Serial 30x15,4,EA,,,,
5,30,        0453-204,B,Washer M6 Plain A4,1,EA,item,,2026-03-22,
5,40,        3457-354,A,Ribbon Cable 20W,1,PC,Pegged supply,,,
5,50,        3464-696,B,Washer M6 Plain,1,PC,Make,,,
5,60,        EC-51733,01,MOSFET N-Ch 30V,4,EA,Purchased,"U346,U347,U348,U349",2026-06-14,
4,60,      3468-622,C,Bushing Bronze 10mm,4,EA,Item,,2025-05-08,
4,70,      3471-007,,Terminal Block 4W,4,PC,Item,,2024-06-21,2025-06-21
4,80,      0712-330,,O-Ring 24mm Viton,24,EA,ITEM,,,
4,90,      0461-018,,Nut M6 Nyloc A4,1,PC,Subcontract,,,
4,100,      EC-51742,2,Resistor 10k 0603,1,EA,Subcontract,C350,08/18/2025,08/18/2026
4,110,      3477-300,A,Hex Bolt M6x20,1,ea,Subcontract,,2024-02-21,2025-02-21
3,80,    EC-51743,B,Capacitor 100nF 50V,2,Each,Item,"U351,U352",05/16/2023,
3,90,    EC-51752,A,Inductor 4u7,1,EA,ITEM,C353,,
3,100,    3481-106,B,Bushing Bronze 10mm,2,PCS,Subcontract,,10/16/2023,10/16/2024
2,,  0461-018,,Nut M6 Nyloc A4,1,EA,Subcontract,,2026-02-10,2027-02-10
2,70,  SA-1266,02,Seal Kit,1,pcs,Phantom,,,
3,10,    3486-821,-,Thread Locker Medium,0,G,Vendor,,08/01/2025,
3,20,    3489-268,C,Sheet Aluminium 1.5mm,2.675,M,,,2025-05-21,
3,30,    SA-1270,2,Rotor Assembly,1,PCS,phantom,,2024-01-05,
4,10,      3495-479,A,Braided Sleeve 10mm,2.61,M,Item,,2026-08-08,
4,20,      3496-528,-,Thread Locker Medium,0,EA,vendor,,01/01/2024,
4,30,      SA-1274,B,Manifold,1,EA,Standard,,2023-03-25,
5,10,        3502-508,C,Standoff M3x10,1,EA,Pegged,,09/10/2026,
5,20,        EC-51759,,Inductor 4u7,3,ea,item,C354-C356,2025-04-16,
5,30,        3507-064,A,Bushing Bronze 10mm,3,,Item,,2025-06-21,
4,40,      EC-51767,B,Diode Schottky 40V,2,EA,,R357-R358,2024-04-20,2025-04-20
4,50,      SA-1275,B,Frame Weldment,1,ea,item,,2023-09-19,
5,10,        3513-168,A,O-Ring 24mm Viton,1,EA,Standard,,2026-03-20,
5,20,        3520-811,,Heat Shrink 6mm,4,Each,Subcontract,,2024-06-11,2025-06-11
5,30,        3521-378,C,Wire 0.75mm2 Black,3.898,M,Item,,2026-08-10,
5,40,        3526-288,-,Epoxy Adhesive 2-Part,0,,item,,2023-08-18,
5,50,        3531-828,01,Cable Tie 100mm,6,EA,Subcontract,,10/07/2023,10/07/2024
4,60,      EC-51769,-,Diode Schottky 40V,3,pcs,Item,R359-R361,2023-10-19,
3,40,    EC-51773,A,Diode Schottky 40V,2,PCS,Buy,C362-C363,,
3,50,    EC-51775,02,Resistor 10k 0603,1,pcs,Vendor,R364,2025-07-28,
3,60,    0453-119,B,Hex Bolt M6x20 A4,1,EA,Purchased,,2023-01-19,
3,70,    0461-018,A,Nut M6 Nyloc A4,1,PC,Item,,2026-10-27,2027-10-27
3,80,    0461-018,A,Nut M6 Nyloc A4,3,PCS,Buy,,2026-11-17,
3,90,    3532-576,1,Connector Housing 6P,6,EA,Vendor,,2026-11-06,
2,80,  SA-1276,B,Drive Unit,1,EA,PHANTOM,,,
3,10,    3539-426,,Thread Locker Medium,0,G,Purchased,,,
3,20,    3546-311,A,Solder Paste SAC305,0,G,Item,,,
3,30,    SA-1278,1,Rotor Assembly,1,EA,Item,,2026-04-15,
4,10,      SA-1282,01,Impeller Assembly,1,Each,Phantom,,2023-05-17,
5,10,        EC-51783,D,Crystal 16MHz,4,EA,item,"C365, C366, C367, C368",,
5,20,        3547-829,2,Sealant Silicone Clear,1.491,ML,Make,,2023-04-05,
5,30,        EC-51785,B,Voltage Regulator 3V3,4,Ea,item,"C369,C370,C371,C372",2024-01-08,
4,20,      EC-51792,A,Crystal 16MHz,1,,ITEM,R373,2026-05-08,2027-05-08
4,30,      0453-119,-,Hex Bolt M6x20 A4,6,EA,,,2023-06-07,
4,40,      0461-018,A,Nut M6 Nyloc A4,2,EA,Item,,2026-10-22,
4,50,      EC-51797,B,Resistor 10k 0603,4,EA,Vendor,L374-L377,2023-05-23,
4,60,      0712-330,A,O-Ring 24mm Viton,6,EA,Buy,,2025-11-24,
4,70,      SA-1284,B,Valve Block,1,PC,Item,,2024-04-11,
5,10,        3553-944,C,Nut M6 Nyloc,4,,Pegged,,2026-03-03,
5,20,        EC-51805,01,Crystal 16MHz,1,Ea,Pegged supply,R378,2026-10-10,2027-10-10
5,30,        EC-51808,,LED Green 0603,4,EA,Pegged,D379-D382,08/09/2026,
5,40,        3554-269,C,Bushing Bronze 10mm,4,ea,Pegged supply,,,
4,80,      3561-345,A,Washer M6 Plain,3,Ea,Buy,,02/15/2025,
4,90,      3564-111,C,Braided Sleeve 10mm,2.33,M,Pegged supply,,2025-03-13,
4,100,      EC-51817,B,Diode Schottky 40V,2,EA,Item,U383-U384,2023-07-03,
3,40,    SA-1287,D,Coupling Set,1,PCS,phantom,,2026-06-16,
4,10,      0712-330,,O-Ring 24mm Viton,8,,item,,2026-05-10,
4,20,      EC-51819,01,MOSFET N-Ch 30V,2,ea,vendor,R385-R386,2023-06-07,
4,30,      SA-1290,C,Sensor Stack,1,EA,Item,,10/06/2025,
5,10,        3568-750,,Tube PTFE 4x6mm,3.559,G,Vendor,,2024-01-26,
5,20,        3575-311,A,Strip Copper 3mm,2.252,M,,,2024-01-18,
5,30,        3580-937,1,Standoff M3x10,1,EA,Item,,2025-09-12,
5,40,        3581-689,01,Tube PTFE 4x6mm,3.987,M,Buy,,01/10/2026,
5,50,        0453-204,,Washer M6 Plain A4,1,PC,Item,,2023-06-05,
4,40,      EC-51821,01,Inductor 4u7,1,EA,Buy,C387,,
4,50,      3586-211,-,Solder Paste SAC305,0.02,ML,,,2023-07-02,
4,60,      3588-908,1,Connector Housing 6P,4,ea,Buy,,2025-06-16,
4,70,      3593-974,02,Connector Housing 6P,1,EA,Item,,2024-05-22,
4,80,      EC-51825,B,Capacitor 100nF 50V,1,EA,Vendor,C388,2023-01-23,
3,50,    3595-827,C,Strip Copper 3mm,3.44,KG,Item,,2025-06-22,
3,60,    0461-018,,Nut M6 Nyloc A4,1,PC,Item,,,
3,70,    3596-054,B,Sealant Silicone Clear,2.827,M,Item,,02/23/2023,
3,80,    SA-1292,B,Gearbox,1,EA,Item,,2023-04-12,
4,10,      3600-496,A,Cable 4-Core Screened,0.41,SQM,Item,,,
4,20,      EC-51833,B,Capacitor 100nF 50V,2,ea,Buy,"D389,D390",2026-08-24,2027-08-24
4,30,      3606-999,A,Terminal Block 4W,1,,Pegged,,08/24/2024,08/24/2025
4,40,      SA-1295,01,Control Board,1,EA,phantom,,11/07/2024,
5,10,        EC-51836,1,Capacitor 100nF 50V,6,EA,Purchased,"L391, L392, L393, L394, L395, L396",2026-06-25,2027-06-25
5,20,        EC-51842,C,Crystal 16MHz,2,PC,Pegged supply,"D397,D398",2025-11-03,
5,30,        0461-018,B,Nut M6 Nyloc A4,1,PCS,Item,,12/11/2023,
5,40,        3612-315,A,Solder Paste SAC305,AR,ML,Subcontract,,2026-08-25,
5,50,        EC-51845,D,Capacitor 100nF 50V,3,,vendor,"R399,R400,R401",2026-07-18,
5,60,        3619-981,-,Conformal Coating,0,G,Item,,07/07/2024,
4,50,      3622-806,D,Sealant Silicone Clear,1.458,ML,,,2023-04-21,
4,60,      EC-51851,C,Resistor 10k 0603,6,EA,,"C402, C403, C404, C405, C406, C407",2025-03-03,2026-03-03
4,70,      0453-204,A,Washer M6 Plain A4,4,PC,Buy,,,
4,80,      EC-51854,02,Voltage Regulator 3V3,1,EA,,C408,2023-01-22,2024-01-22
4,90,      0453-119,-,Hex Bolt M6x20 A4,3,ea,Item,,,
4,100,      0453-119,-,Hex Bolt M6x20 A4,8,Ea,Standard,,2024-01-05,
3,90,    0453-204,A,Washer M6 Plain A4,3,EA,Purchased,,2023-08-05,
3,100,    3627-253,A,Terminal Block 4W,3,EA,Item,,04/18/2024,
3,110,    3628-499,1,Tube PTFE 4x6mm,2.961,L,Standard,,2026-09-24,
3,120,    SA-1299,D,Drive Unit,4,Each,item,,2024-05-28,
4,10,      3632-762,-,Thread Locker Medium,AR,G,item,,05/05/2023,
4,20,      3634-434,C,Label Serial 30x15,4,PCS,Vendor,,09/01/2024,
4,30,      3640-349,,Silicone Grease,0,,Pegged supply,,2024-09-08,
4,40,      EC-51863,D,Capacitor 100nF 50V,2,ea,Standard,"R409, R410",,
4,50,      EC-51866,01,MOSFET N-Ch 30V,6,PCS,Subcontract,U411-U416,2024-02-02,
4,60,      EC-51872,2,Capacitor 100nF 50V,1,pcs,Item,R417,11/03/2023,
4,70,      3642-247,C,Dowel Pin 5x16,1,EA,Buy,,2024-02-22,
2,90,  0453-119,A,Hex Bolt M6x20 A4,8,EA,Vendor,,,
2,100,  SA-1300,A,Bracket Set,1,ea,Item,,2026-02-03,2027-02-03
3,10,    3644-487,B,Retaining Ring 20mm,1,PC,Vendor,,2023-05-04,
3,20,    EC-51875,,MOSFET N-Ch 30V,1,PC,Subcontract,C418,2025-11-25,
3,30,    EC-51878,-,LED Green 0603,1,,Pegged,C419,2026-09-13,
3,40,    SA-1302,01,Sensor Stack,1,EA,Item,,2024-09-20,
4,10,      3651-239,1,Hex Bolt M6x20,,EA,Item,,,
4,20,      3654-810,A,Solder Paste SAC305,0,G,ITEM,,,
4,30,      SA-1303,02,Power Supply,1,EA,Phantom,,12/13/2023,
5,10,        0461-018,,Nut M6 Nyloc A4,2,EA,Item,,,
5,20,        EC-51887,1,LED Green 0603,6,EA,Item,"R420,R421,R422,R423,R424,R425",2026-09-08,
5,30,        EC-51896,D,MOSFET N-Ch 30V,1,PCS,Subcontract,C426,03/12/2023,
4,40,      3660-028,A,Wire 0.75mm2 Red,"2,15",G,Standard,,2026-05-20,
4,50,      SA-1304,01,Display Module,2,EA,Item,,2024-12-16,
5,10,        EC-51901,B,Inductor 4u7,1,EA,Item,R427,2023-02-13,
5,20,        3665-618,-,Epoxy Adhesive 2-Part,0.02,G,Vendor,,2026-12-05,
5,30,        EC-51907,01,Voltage Regulator 3V3,3,PCS,Buy,R428-R430,11/04/2024,
4,60,      0461-018,,Nut M6 Nyloc A4,1,EA,Standard,,11/05/2025,11/05/2026
3,50,    0461-018,B,Nut M6 Nyloc A4,2,PCS,Item,,2025-05-28,
3,60,    3669-345,,Tube PTFE 4x6mm,0.078,L,,,,
3,70,    3671-264,,Bushing Bronze 10mm,4,Each,Item,,2023-06-17,
3,80,    SA-1306,B,Manifold,1,PC,Item,,2024-08-08,
4,10,      3674-043,-,Thread Locker Medium,0,G,Pegged supply,,2024-02-21,
4,20,      0453-204,,Washer M6 Plain A4,2,PCS,Pegged supply,,,
4,30,      3681-562,A,Strip Copper 3mm,2.807,G,Item,,12/25/2024,
4,40,      3686-599,A,Grommet 8mm,24,EA,Buy,,09/27/2026,
4,50,      SA-1308,D,Seal Kit,2,EA,Phantom,,2023-05-19,
5,10,        EC-51911,D,LED Green 0603,2,EA,Item,"D431,D432",2025-12-26,2026-12-26
5,20,        3693-336,,Gasket PTFE 40mm,24,EA,Item,,2025-02-17,2026-02-17
5,30,        3700-669,A,O-Ring 24mm Viton,1,EA,Purchased,,2023-09-11,
2,110,  3702-276,A,Wire 0.75mm2 Black,2.419,M,Item,,2023-09-19,2024-09-19
2,120,  EC-51917,A,Crystal 16MHz,3,PC,Item,"R433, R434, R435",,
2,130,  0461-018,,Nut M6 Nyloc A4,4,EA,item,,2023-12-02,2024-12-02
2,140,  0461-018,B,Nut M6 Nyloc A4,1,EA,Item,,2025-10-15,
2,150,  EC-51922,A,LED Green 0603,6,PC,Item,D436-D441,2025-01-01,
