Student no.,Forename,Surname,DOB,Year,School house,Contact email
TA-0001,Bilal,Fenwick,2013-06-28,Yr 9,Bramley House,lorna.fenwick@holtmail.example
TA-0002,Maeve,Lanyon,2014-10-20,Yr 7,Cransley House,harriet.lanyon@holtmail.example
TA-0003,Noor,Brightwell,2011-03-24,Yr 11,Denholm House,ivor.brightwell@holtmail.example
TA-0004,Elif,Brightwell,2011-04-17,Yr 11,Ashdown House,rowena.brightwell@holtmail.example
TA-0005,Greta,Yeardley,2015-02-15,Yr 7,Bramley House,rowena.yeardley@holtmail.example
TA-0006,Vinh,Ashworth,2012-08-28,Yr 10,Bramley House,harriet.ashworth@holtmail.example
TA-0007,Elif,Everleigh,2014-09-19,Yr 7,Cransley House,josephine.everleigh@holtmail.example
TA-0008,Yusuf,Kirilov,2011-10-24,Yr 10,Cransley House,nadia.kirilov@holtmail.example
TA-0009,Willa,Ashworth,2012-02-15,Yr 10,Bramley House,nadia.ashworth@holtmail.example
TA-0010,Elif,Mwangi,2010-09-17,Yr 11,Cransley House,osric.mwangi@holtmail.example
TA-0011,Caoimhe,Nordstrom,2014-02-22,Yr 8,Bramley House,cyrus.nordstrom@holtmail.example
TA-0012,Amara,Underhill,2015-02-27,Yr 7,Ashdown House,harriet.underhill@holtmail.example
TA-0013,Noor,Ijaz,2010-09-27,Yr 11,Denholm House,ivor.ijaz@holtmail.example
TA-0014,Maeve,Ottley,2012-07-13,Yr 10,Cransley House,ivor.ottley@holtmail.example
TA-0015,Otto,Lanyon,2014-05-26,Yr 8,Ashdown House,osric.lanyon@holtmail.example
TA-0016,Ursula,Selby,2012-10-26,Yr 9,Bramley House,osric.selby@holtmail.example
TA-0017,Maeve,Ebrahim,2012-06-28,Yr 10,Bramley House,sylvester.ebrahim@holtmail.example
TA-0018,Elif,Bellamy,2015-05-20,Yr 7,Cransley House,osric.bellamy@holtmail.example
TA-0019,Maeve,Lanyon,2013-02-16,Yr 9,Ashdown House,cyrus.lanyon@holtmail.example
TA-0020,Willa,Ebrahim,2011-10-18,Yr 10,Ashdown House,gideon.ebrahim@holtmail.example
TA-0021,Dmitri,Wardell,2014-06-17,Yr 8,Bramley House,sylvester.wardell@holtmail.example
TA-0022,Lukas,Mwangi,2014-05-15,Yr 8,Bramley House,farida.mwangi@holtmail.example
TA-0023,Amara,Underhill,2013-09-28,Yr 8,Cransley House,osric.underhill@holtmail.example
TA-0024,Amara,Yeardley,2012-04-24,Yr 10,Cransley House,sylvester.yeardley@holtmail.example
TA-0025,Noor,Selby,2014-12-24,Yr 7,Bramley House,ivor.selby@holtmail.example
TA-0026,Noor,Selby,2011-01-26,Yr 11,Cransley House,sylvester.selby@holtmail.example
TA-0027,Kavya,Everleigh,2014-12-18,Yr 7,Cransley House,cyrus.everleigh@holtmail.example
TA-0028,Elif,Brightwell,2013-08-18,Yr 9,Denholm House,cyrus.brightwell@holtmail.example
TA-0029,Yusuf,Dunmore,2011-08-21,Yr 11,Ashdown House,harriet.dunmore@holtmail.example
TA-0030,Ursula,Wardell,2012-03-14,Yr 10,Bramley House,bernadette.wardell@holtmail.example
TA-0031,Greta,Vasilenko,2014-03-23,Yr 8,Ashdown House,cyrus.vasilenko@holtmail.example
TA-0032,Vinh,Ottley,2015-04-13,Yr 7,Bramley House,emmett.ottley@holtmail.example
TA-0033,Ursula,Draycott,2010-10-28,Yr 11,Ashdown House,rowena.draycott@holtmail.example
TA-0034,Rosalind,Rasmussen,2011-11-16,Yr 10,Denholm House,rowena.rasmussen@holtmail.example
TA-0035,Kavya,Mwangi,2014-06-20,Yr 8,Denholm House,gideon.mwangi@holtmail.example
TA-0036,Maeve,Selby,2012-03-19,Yr 10,Denholm House,farida.selby@holtmail.example
TA-0037,Hamza,Hollingworth,2014-11-24,Yr 7,Ashdown House,ivor.hollingworth@holtmail.example
TA-0038,Otto,Bellamy,2010-10-13,Yr 11,Ashdown House,cyrus.bellamy@holtmail.example
TA-0039,Dmitri,Jephcott,2013-06-27,Yr 9,Cransley House,emmett.jephcott@holtmail.example
TA-0040,Vinh,Brightwell,2014-12-26,Yr 7,Ashdown House,malachy.brightwell@holtmail.example
TA-0041,Vinh,Vasilenko,2010-09-20,Yr 11,Cransley House,rowena.vasilenko@holtmail.example
TA-0042,Zara,Considine,2012-05-28,Yr 10,Bramley House,dilys.considine@holtmail.example
TA-0043,Caoimhe,Nordstrom,2013-08-22,Yr 9,Bramley House,sylvester.nordstrom@holtmail.example
TA-0044,Soren,Wardell,2013-03-14,Yr 9,Denholm House,osric.wardell@holtmail.example
TA-0045,Amara,Wardell,2012-07-16,Yr 10,Denholm House,rowena.wardell@holtmail.example
TA-0046,Jonas,Jephcott,2014-09-22,Yr 7,Cransley House,dilys.jephcott@holtmail.example
TA-0047,Maeve,Pemberton,2013-07-13,Yr 9,Denholm House,rowena.pemberton@holtmail.example
TA-0048,Willa,Hollingworth,2011-09-28,Yr 10,Ashdown House,cyrus.hollingworth@holtmail.example
TA-0049,Jonas,Bellamy,2015-03-23,Yr 7,Bramley House,emmett.bellamy@holtmail.example
TA-0050,Maeve,Lanyon,2014-02-25,Yr 8,Ashdown House,gideon.lanyon@holtmail.example
TA-0051,Priya,Underhill,2013-04-19,Yr 9,Denholm House,farida.underhill@holtmail.example
TA-0052,Vinh,Quiller,2011-08-13,Yr 11,Ashdown House,gideon.quiller@holtmail.example
TA-0053,Tomas,Vasilenko,2013-07-16,Yr 9,Cransley House,josephine.vasilenko@holtmail.example
TA-0054,Jonas,Vasilenko,2014-01-18,Yr 8,Cransley House,harriet.vasilenko@holtmail.example
TA-0055,Willa,Everleigh,2014-05-24,Yr 8,Ashdown House,osric.everleigh@holtmail.example
TA-0056,Soren,Dunmore,2015-07-19,Yr 7,Cransley House,krystian.dunmore@holtmail.example
TA-0057,Tomas,Underhill,2014-02-24,Yr 8,Bramley House,krystian.underhill@holtmail.example
TA-0058,Bilal,Mwangi,2014-01-22,Yr 8,Bramley House,farida.mwangi@holtmail.example
TA-0059,Hamza,Mwangi,2014-11-14,Yr 7,Bramley House,osric.mwangi@holtmail.example
TA-0060,Dmitri,Ottley,2013-01-14,Yr 9,Bramley House,emmett.ottley@holtmail.example
TA-0061,Ursula,Ashworth,2014-02-13,Yr 8,Ashdown House,osric.ashworth@holtmail.example
TA-0062,Willa,Jephcott,2012-01-28,Yr 10,Denholm House,krystian.jephcott@holtmail.example
TA-0063,Ursula,Mwangi,2012-11-20,Yr 9,Cransley House,farida.mwangi@holtmail.example
TA-0064,Greta,Ottley,2015-01-19,Yr 7,Denholm House,malachy.ottley@holtmail.example
TA-0065,Willa,Selby,2011-02-27,Yr 11,Denholm House,farida.selby@holtmail.example
TA-0066,Tomas,Mwangi,2012-09-19,Yr 9,Ashdown House,ivor.mwangi@holtmail.example
TA-0067,Rosalind,Calderon,2013-02-21,Yr 9,Bramley House,nadia.calderon@holtmail.example
TA-0068,Rosalind,Zabala,2013-04-15,Yr 9,Cransley House,ivor.zabala@holtmail.example
TA-0069,Zara,Bellamy,2011-04-18,Yr 11,Cransley House,emmett.bellamy@holtmail.example
TA-0070,Willa,Selby,2013-09-18,Yr 8,Cransley House,lorna.selby@holtmail.example
TA-0071,Soren,Everleigh,2013-12-25,Yr 8,Denholm House,dilys.everleigh@holtmail.example
TA-0072,Dmitri,Ijaz,2012-06-27,Yr 10,Cransley House,lorna.ijaz@holtmail.example
TA-0073,Yusuf,Lanyon,2013-10-19,Yr 8,Ashdown House,malachy.lanyon@holtmail.example
TA-0074,Priya,Vasilenko,2013-12-28,Yr 8,Cransley House,nadia.vasilenko@holtmail.example
TA-0075,Willa,Selby,2012-10-21,Yr 9,Ashdown House,bernadette.selby@holtmail.example
TA-0076,Rosalind,Fenwick,2014-02-23,Yr 8,Ashdown House,bernadette.fenwick@holtmail.example
TA-0077,Noor,Nordstrom,2012-12-16,Yr 9,Cransley House,osric.nordstrom@holtmail.example
TA-0078,Elif,Underhill,2013-07-15,Yr 9,Bramley House,harriet.underhill@holtmail.example
TA-0079,Dmitri,Draycott,2010-11-13,Yr 11,Cransley House,gideon.draycott@holtmail.example
TA-0080,Elif,Ashworth,2012-06-27,Yr 10,Cransley House,lorna.ashworth@holtmail.example
TA-0081,Ursula,Zabala,2012-03-28,Yr 10,Bramley House,harriet.zabala@holtmail.example
TA-0082,Elif,Ottley,2011-08-28,Yr 11,Cransley House,josephine.ottley@holtmail.example
TA-0083,Soren,Ashworth,2012-04-27,Yr 10,Cransley House,nadia.ashworth@holtmail.example
TA-0084,Greta,Nordstrom,2012-05-26,Yr 10,Cransley House,lorna.nordstrom@holtmail.example
TA-0085,Fionn,Ottley,2011-11-24,Yr 10,Cransley House,ivor.ottley@holtmail.example
TA-0086,Elif,Everleigh,2013-06-27,Yr 9,Denholm House,gideon.everleigh@holtmail.example
TA-0087,Amara,Mwangi,2012-08-25,Yr 10,Ashdown House,osric.mwangi@holtmail.example
TA-0088,Kavya,Gallacher,2012-02-27,Yr 10,Cransley House,gideon.gallacher@holtmail.example
TA-0089,Imani,Nordstrom,2011-12-28,Yr 10,Bramley House,harriet.nordstrom@holtmail.example
TA-0090,Zara,Lanyon,2011-05-15,Yr 11,Cransley House,krystian.lanyon@holtmail.example
TA-0091,Amara,Jephcott,2015-05-18,Yr 7,Cransley House,rowena.jephcott@holtmail.example
TA-0092,Yusuf,Ebrahim,2015-07-24,Yr 7,Denholm House,ivor.ebrahim@holtmail.example
TA-0093,Elif,Ashworth,2014-07-26,Yr 8,Denholm House,bernadette.ashworth@holtmail.example
TA-0094,Hamza,Dunmore,2014-10-26,Yr 7,Bramley House,krystian.dunmore@holtmail.example
TA-0095,Willa,Gallacher,2010-09-15,Yr 11,Ashdown House,cyrus.gallacher@holtmail.example
TA-0096,Jonas,Wardell,2014-12-27,Yr 7,Bramley House,farida.wardell@holtmail.example
TA-0097,Fionn,Brightwell,2012-09-23,Yr 9,Cransley House,bernadette.brightwell@holtmail.example
TA-0098,Imani,Fenwick,2012-06-16,Yr 10,Denholm House,dilys.fenwick@holtmail.example
TA-0099,Soren,Zabala,2011-05-25,Yr 11,Ashdown House,cyrus.zabala@holtmail.example
TA-0100,Ursula,Everleigh,2014-03-17,Yr 8,Bramley House,emmett.everleigh@holtmail.example
TA-0101,Maeve,Ijaz,2012-11-16,Yr 9,Ashdown House,krystian.ijaz@holtmail.example
TA-0102,Soren,Ebrahim,2011-11-17,Yr 10,Bramley House,sylvester.ebrahim@holtmail.example
TA-0103,Tomas,Pemberton,2013-07-17,Yr 9,Cransley House,lorna.pemberton@holtmail.example
TA-0104,Vinh,Kirilov,2012-06-24,Yr 10,Bramley House,osric.kirilov@holtmail.example
TA-0105,Fionn,Mwangi,2011-03-23,Yr 11,Ashdown House,nadia.mwangi@holtmail.example
TA-0106,Maeve,Zabala,2012-07-17,Yr 10,Denholm House,dilys.zabala@holtmail.example
TA-0107,Noor,Considine,2011-10-23,Yr 10,Denholm House,emmett.considine@holtmail.example
TA-0108,Yusuf,Calderon,2015-05-22,Yr 7,Ashdown House,emmett.calderon@holtmail.example
TA-0109,Lukas,Yeardley,2011-08-28,Yr 11,Bramley House,ivor.yeardley@holtmail.example
TA-0110,Caoimhe,Ebrahim,2015-08-24,Yr 7,Denholm House,krystian.ebrahim@holtmail.example
TA-0111,Soren,Dunmore,2015-04-23,Yr 7,Ashdown House,rowena.dunmore@holtmail.example
TA-0112,Vinh,Hollingworth,2013-12-17,Yr 8,Ashdown House,josephine.hollingworth@holtmail.example
TA-0113,Otto,Calderon,2010-10-23,Yr 11,Denholm House,dilys.calderon@holtmail.example
TA-0114,Amara,Brightwell,2014-06-20,Yr 8,Bramley House,bernadette.brightwell@holtmail.example
TA-0115,Imani,Fenwick,2012-07-21,Yr 10,Ashdown House,emmett.fenwick@holtmail.example
TA-0116,Yusuf,Gallacher,2014-07-25,Yr 8,Bramley House,dilys.gallacher@holtmail.example
TA-0117,Otto,Calderon,2013-01-19,Yr 9,Bramley House,lorna.calderon@holtmail.example
TA-0118,Yusuf,Underhill,2012-05-17,Yr 10,Bramley House,lorna.underhill@holtmail.example
TA-0119,Kavya,Ijaz,2012-10-21,Yr 9,Bramley House,dilys.ijaz@holtmail.example
TA-0120,Bilal,Trelawney,2013-02-22,Yr 9,Bramley House,sylvester.trelawney@holtmail.example
TA-0121,Bilal,Lanyon,2015-02-20,Yr 7,Denholm House,lorna.lanyon@holtmail.example
TA-0122,Vinh,Calderon,2010-11-22,Yr 11,Cransley House,cyrus.calderon@holtmail.example
TA-0123,Lukas,Everleigh,2014-12-19,Yr 7,Cransley House,dilys.everleigh@holtmail.example
TA-0124,Maeve,Kirilov,2015-03-15,Yr 7,Cransley House,harriet.kirilov@holtmail.example
TA-0125,Ursula,Pemberton,2011-07-26,Yr 11,Denholm House,sylvester.pemberton@holtmail.example
TA-0126,Caoimhe,Trelawney,2013-05-19,Yr 9,Denholm House,malachy.trelawney@holtmail.example
TA-0127,Soren,Wardell,2014-01-15,Yr 8,Bramley House,farida.wardell@holtmail.example
TA-0128,Soren,Nordstrom,2014-03-28,Yr 8,Ashdown House,malachy.nordstrom@holtmail.example
TA-0129,Greta,Vasilenko,2014-10-18,Yr 7,Denholm House,nadia.vasilenko@holtmail.example
TA-0130,Fionn,Brightwell,2015-05-28,Yr 7,Cransley House,osric.brightwell@holtmail.example
TA-0131,Fionn,Mwangi,2013-12-14,Yr 8,Cransley House,sylvester.mwangi@holtmail.example
TA-0132,Caoimhe,Considine,2015-06-13,Yr 7,Ashdown House,osric.considine@holtmail.example
TA-0133,Tomas,Pemberton,2013-10-28,Yr 8,Ashdown House,emmett.pemberton@holtmail.example
TA-0134,Kavya,Mwangi,2013-09-25,Yr 8,Denholm House,malachy.mwangi@holtmail.example
TA-0135,Fionn,Wardell,2014-06-21,Yr 8,Denholm House,gideon.wardell@holtmail.example
TA-0136,Zara,Brightwell,2015-01-20,Yr 7,Ashdown House,rowena.brightwell@holtmail.example
TA-0137,Zara,Draycott,2011-11-20,Yr 10,Bramley House,farida.draycott@holtmail.example
TA-0138,Elif,Underhill,2010-12-14,Yr 11,Ashdown House,gideon.underhill@holtmail.example
TA-0139,Caoimhe,Mwangi,2013-06-25,Yr 9,Ashdown House,emmett.mwangi@holtmail.example
TA-0140,Fionn,Nordstrom,2013-09-14,Yr 8,Denholm House,rowena.nordstrom@holtmail.example
TA-0141,Caoimhe,Zabala,2015-01-28,Yr 7,Denholm House,malachy.zabala@holtmail.example
TA-0142,Amara,Everleigh,2013-08-18,Yr 9,Denholm House,sylvester.everleigh@holtmail.example
TA-0143,Willa,Quiller,2014-05-13,Yr 8,Ashdown House,rowena.quiller@holtmail.example
TA-0144,Noor,Dunmore,2012-09-27,Yr 9,Denholm House,farida.dunmore@holtmail.example
TA-0145,Soren,Calderon,2013-09-16,Yr 8,Cransley House,ivor.calderon@holtmail.example
TA-0146,Jonas,Yeardley,2010-12-23,Yr 11,Cransley House,farida.yeardley@holtmail.example
TA-0147,Noor,Dunmore,2012-05-26,Yr 10,Ashdown House,farida.dunmore@holtmail.example
TA-0148,Vinh,Pemberton,2015-08-22,Yr 7,Ashdown House,lorna.pemberton@holtmail.example
TA-0149,Greta,Ijaz,2012-06-20,Yr 10,Cransley House,dilys.ijaz@holtmail.example
TA-0150,Bilal,Pemberton,2014-01-16,Yr 8,Cransley House,farida.pemberton@holtmail.example
TA-0151,Hamza,Brightwell,2013-03-13,Yr 9,Cransley House,emmett.brightwell@holtmail.example
TA-0152,Priya,Ottley,2012-09-25,Yr 9,Denholm House,farida.ottley@holtmail.example
TA-0153,Zara,Ashworth,2011-02-15,Yr 11,Bramley House,krystian.ashworth@holtmail.example
TA-0154,Hamza,Rasmussen,2011-04-17,Yr 11,Cransley House,cyrus.rasmussen@holtmail.example
TA-0155,Bilal,Ebrahim,2013-04-24,Yr 9,Denholm House,dilys.ebrahim@holtmail.example
TA-0156,Hamza,Ottley,2012-07-19,Yr 10,Ashdown House,lorna.ottley@holtmail.example
TA-0157,Fionn,Quiller,2011-11-28,Yr 10,Bramley House,sylvester.quiller@holtmail.example
TA-0158,Otto,Calderon,2014-06-21,Yr 8,Cransley House,ivor.calderon@holtmail.example
TA-0159,Elif,Considine,2010-11-20,Yr 11,Cransley House,harriet.considine@holtmail.example
TA-0160,Jonas,Calderon,2011-11-19,Yr 10,Cransley House,krystian.calderon@holtmail.example
TA-0161,Hamza,Trelawney,2014-12-21,Yr 7,Ashdown House,osric.trelawney@holtmail.example
TA-0162,Hamza,Selby,2012-02-16,Yr 10,Ashdown House,gideon.selby@holtmail.example
TA-0163,Maeve,Rasmussen,2013-03-28,Yr 9,Bramley House,osric.rasmussen@holtmail.example
TA-0164,Ursula,Ebrahim,2012-08-21,Yr 10,Denholm House,krystian.ebrahim@holtmail.example
TA-0165,Priya,Nordstrom,2011-04-14,Yr 11,Bramley House,emmett.nordstrom@holtmail.example
TA-0166,Tomas,Pemberton,2011-09-24,Yr 10,Bramley House,farida.pemberton@holtmail.example
TA-0167,Rosalind,Calderon,2011-02-25,Yr 11,Bramley House,osric.calderon@holtmail.example
TA-0168,Willa,Everleigh,2012-07-17,Yr 10,Bramley House,josephine.everleigh@holtmail.example
TA-0169,Greta,Brightwell,2015-01-20,Yr 7,Ashdown House,krystian.brightwell@holtmail.example
TA-0170,Rosalind,Everleigh,2012-04-27,Yr 10,Denholm House,rowena.everleigh@holtmail.example
TA-0171,Elif,Pemberton,2013-07-20,Yr 9,Bramley House,krystian.pemberton@holtmail.example
TA-0172,Priya,Mwangi,2014-08-21,Yr 8,Cransley House,cyrus.mwangi@holtmail.example
TA-0173,Rosalind,Gallacher,2013-05-21,Yr 9,Ashdown House,gideon.gallacher@holtmail.example
TA-0174,Zara,Quiller,2011-01-18,Yr 11,Denholm House,farida.quiller@holtmail.example
TA-0175,Amara,Rasmussen,2013-01-17,Yr 9,Ashdown House,rowena.rasmussen@holtmail.example
TA-0176,Otto,Nordstrom,2015-02-23,Yr 7,Ashdown House,gideon.nordstrom@holtmail.example
TA-0177,Noor,Wardell,2013-08-20,Yr 9,Denholm House,emmett.wardell@holtmail.example
TA-0178,Maeve,Underhill,2011-03-26,Yr 11,Bramley House,cyrus.underhill@holtmail.example
TA-0179,Dmitri,Underhill,2015-01-21,Yr 7,Cransley House,farida.underhill@holtmail.example
TA-0180,Tomas,Ebrahim,2010-10-21,Yr 11,Bramley House,rowena.ebrahim@holtmail.example
TA-0181,Hamza,Dunmore,2011-06-21,Yr 11,Denholm House,rowena.dunmore@holtmail.example
TA-0182,Priya,Bellamy,2014-07-19,Yr 8,Bramley House,cyrus.bellamy@holtmail.example
TA-0183,Otto,Bellamy,2013-11-24,Yr 8,Denholm House,ivor.bellamy@holtmail.example
TA-0184,Maeve,Underhill,2012-01-14,Yr 10,Cransley House,harriet.underhill@holtmail.example
TA-0185,Rosalind,Brightwell,2015-02-15,Yr 7,Denholm House,nadia.brightwell@holtmail.example
TA-0186,Caoimhe,Nordstrom,2013-12-15,Yr 8,Denholm House,bernadette.nordstrom@holtmail.example
TA-0187,Imani,Vasilenko,2015-04-27,Yr 7,Cransley House,emmett.vasilenko@holtmail.example
TA-0188,Fionn,Jephcott,2014-07-13,Yr 8,Ashdown House,lorna.jephcott@holtmail.example
TA-0189,Ursula,Ijaz,2013-12-18,Yr 8,Cransley House,harriet.ijaz@holtmail.example
TA-0190,Priya,Draycott,2011-10-17,Yr 10,Bramley House,lorna.draycott@holtmail.example
TA-0191,Ursula,Dunmore,2012-12-27,Yr 9,Bramley House,bernadette.dunmore@holtmail.example
TA-0192,Maeve,Wardell,2014-04-21,Yr 8,Denholm House,gideon.wardell@holtmail.example
TA-0193,Ursula,Gallacher,2011-06-13,Yr 11,Bramley House,farida.gallacher@holtmail.example
TA-0194,Otto,Wardell,2015-03-27,Yr 7,Cransley House,rowena.wardell@holtmail.example
TA-0195,Caoimhe,Yeardley,2011-05-16,Yr 11,Cransley House,josephine.yeardley@holtmail.example
TA-0196,Willa,Gallacher,2014-08-17,Yr 8,Denholm House,emmett.gallacher@holtmail.example
TA-0197,Hamza,Ashworth,2011-09-15,Yr 10,Denholm House,josephine.ashworth@holtmail.example
TA-0198,Jonas,Hollingworth,2012-12-22,Yr 9,Bramley House,josephine.hollingworth@holtmail.example
TA-0199,Rosalind,Fenwick,2012-10-17,Yr 9,Ashdown House,harriet.fenwick@holtmail.example
TA-0200,Tomas,Nordstrom,2012-12-20,Yr 9,Cransley House,lorna.nordstrom@holtmail.example
TA-0201,Lukas,Everleigh,2010-09-26,Yr 11,Cransley House,ivor.everleigh@holtmail.example
TA-0202,Soren,Jephcott,2011-06-21,Yr 11,Bramley House,krystian.jephcott@holtmail.example
TA-0203,Noor,Lanyon,2012-02-17,Yr 10,Ashdown House,harriet.lanyon@holtmail.example
TA-0204,Willa,Calderon,2014-09-16,Yr 7,Ashdown House,emmett.calderon@holtmail.example
TA-0205,Maeve,Zabala,2012-03-17,Yr 10,Ashdown House,bernadette.zabala@holtmail.example
TA-0206,Caoimhe,Considine,2011-12-26,Yr 10,Ashdown House,lorna.considine@holtmail.example
TA-0207,Bilal,Dunmore,2011-04-15,Yr 11,Ashdown House,ivor.dunmore@holtmail.example
TA-0208,Bilal,Calderon,2014-06-19,Yr 8,Cransley House,emmett.calderon@holtmail.example
TA-0209,Lukas,Ijaz,2015-07-15,Yr 7,Ashdown House,ivor.ijaz@holtmail.example
TA-0210,Jonas,Vasilenko,2011-12-18,Yr 10,Denholm House,harriet.vasilenko@holtmail.example
TA-0211,Lukas,Kirilov,2014-08-19,Yr 8,Denholm House,dilys.kirilov@holtmail.example
TA-0212,Elif,Considine,2012-08-24,Yr 10,Cransley House,sylvester.considine@holtmail.example
TA-0213,Bilal,Calderon,2015-08-24,Yr 7,Bramley House,sylvester.calderon@holtmail.example
TA-0214,Yusuf,Vasilenko,2011-12-22,Yr 10,Bramley House,cyrus.vasilenko@holtmail.example
TA-0215,Fionn,Zabala,2014-10-26,Yr 7,Denholm House,harriet.zabala@holtmail.example
TA-0216,Amara,Rasmussen,2011-03-28,Yr 11,Ashdown House,nadia.rasmussen@holtmail.example
TA-0217,Lukas,Mwangi,2013-09-18,Yr 8,Bramley House,ivor.mwangi@holtmail.example
TA-0218,Elif,Ottley,2010-11-15,Yr 11,Denholm House,cyrus.ottley@holtmail.example
TA-0219,Caoimhe,Hollingworth,2014-10-27,Yr 7,Ashdown House,malachy.hollingworth@holtmail.example
TA-0220,Greta,Lanyon,2012-05-17,Yr 10,Cransley House,emmett.lanyon@holtmail.example
TA-0221,Fionn,Considine,2013-01-19,Yr 9,Cransley House,krystian.considine@holtmail.example
TA-0222,Caoimhe,Jephcott,2012-06-25,Yr 10,Cransley House,lorna.jephcott@holtmail.example
TA-0223,Amara,Hollingworth,2012-04-23,Yr 10,Denholm House,lorna.hollingworth@holtmail.example
TA-0224,Elif,Hollingworth,2014-02-24,Yr 8,Cransley House,cyrus.hollingworth@holtmail.example
TA-0225,Rosalind,Trelawney,2012-02-23,Yr 10,Cransley House,emmett.trelawney@holtmail.example
TA-0226,Ursula,Lanyon,2010-10-25,Yr 11,Ashdown House,emmett.lanyon@holtmail.example
TA-0227,Vinh,Selby,2011-06-19,Yr 11,Cransley House,krystian.selby@holtmail.example
TA-0228,Priya,Draycott,2010-09-19,Yr 11,Denholm House,dilys.draycott@holtmail.example
TA-0229,Willa,Pemberton,2015-03-13,Yr 7,Bramley House,nadia.pemberton@holtmail.example
TA-0230,Imani,Ashworth,2012-11-16,Yr 9,Cransley House,dilys.ashworth@holtmail.example
TA-0231,Noor,Zabala,2014-01-27,Yr 8,Ashdown House,harriet.zabala@holtmail.example
TA-0232,Imani,Ashworth,2012-06-26,Yr 10,Cransley House,rowena.ashworth@holtmail.example
TA-0233,Kavya,Zabala,2015-03-21,Yr 7,Denholm House,farida.zabala@holtmail.example
TA-0234,Lukas,Rasmussen,2015-02-18,Yr 7,Ashdown House,cyrus.rasmussen@holtmail.example
TA-0235,Lukas,Selby,2015-01-25,Yr 7,Bramley House,ivor.selby@holtmail.example
TA-0236,Hamza,Zabala,2014-12-20,Yr 7,Bramley House,osric.zabala@holtmail.example
TA-0237,Priya,Ebrahim,2012-01-27,Yr 10,Ashdown House,ivor.ebrahim@holtmail.example
TA-0238,Soren,Pemberton,2013-05-18,Yr 9,Bramley House,nadia.pemberton@holtmail.example
TA-0239,Elif,Rasmussen,2010-12-27,Yr 11,Denholm House,osric.rasmussen@holtmail.example
TA-0240,Amara,Yeardley,2013-01-25,Yr 9,Cransley House,bernadette.yeardley@holtmail.example
TA-0241,Yusuf,Dunmore,2013-07-26,Yr 9,Cransley House,josephine.dunmore@holtmail.example
TA-0242,Yusuf,Wardell,2012-05-14,Yr 10,Denholm House,sylvester.wardell@holtmail.example
TA-0243,Tomas,Considine,2015-01-27,Yr 7,Cransley House,nadia.considine@holtmail.example
TA-0244,Jonas,Everleigh,2013-12-13,Yr 8,Bramley House,josephine.everleigh@holtmail.example
TA-0245,Imani,Zabala,2012-12-21,Yr 9,Ashdown House,lorna.zabala@holtmail.example
TA-0246,Imani,Considine,2014-03-28,Yr 8,Ashdown House,farida.considine@holtmail.example
TA-0247,Bilal,Rasmussen,2012-12-21,Yr 9,Bramley House,cyrus.rasmussen@holtmail.example
TA-0248,Yusuf,Ashworth,2012-01-15,Yr 10,Denholm House,emmett.ashworth@holtmail.example
TA-0249,Otto,Ottley,2014-01-28,Yr 8,Ashdown House,farida.ottley@holtmail.example
TA-0250,Amara,Yeardley,2015-01-18,Yr 7,Denholm House,emmett.yeardley@holtmail.example
TA-0251,Priya,Zabala,2013-11-16,Yr 8,Cransley House,malachy.zabala@holtmail.example
TA-0252,Kavya,Yeardley,2012-06-18,Yr 10,Ashdown House,cyrus.yeardley@holtmail.example
TA-0253,Tomas,Quiller,2015-03-20,Yr 7,Bramley House,sylvester.quiller@holtmail.example
TA-0254,Amara,Bellamy,2011-07-23,Yr 11,Denholm House,cyrus.bellamy@holtmail.example
TA-0255,Willa,Jephcott,2012-09-28,Yr 9,Bramley House,cyrus.jephcott@holtmail.example
TA-0256,Yusuf,Jephcott,2011-03-27,Yr 11,Denholm House,farida.jephcott@holtmail.example
TA-0257,Yusuf,Jephcott,2014-06-14,Yr 8,Cransley House,farida.jephcott@holtmail.example
TA-0258,Greta,Considine,2013-10-26,Yr 8,Cransley House,malachy.considine@holtmail.example
TA-0259,Dmitri,Everleigh,2012-06-23,Yr 10,Cransley House,bernadette.everleigh@holtmail.example
TA-0260,Imani,Vasilenko,2011-01-23,Yr 11,Cransley House,sylvester.vasilenko@holtmail.example
TA-0261,Dmitri,Ottley,2012-04-19,Yr 10,Cransley House,harriet.ottley@holtmail.example
TA-0262,Rosalind,Pemberton,2010-09-15,Yr 11,Cransley House,josephine.pemberton@holtmail.example
TA-0263,Otto,Calderon,2013-01-20,Yr 9,Cransley House,bernadette.calderon@holtmail.example
TA-0264,Amara,Nordstrom,2015-02-17,Yr 7,Ashdown House,emmett.nordstrom@holtmail.example
TA-0265,Otto,Everleigh,2014-04-15,Yr 8,Bramley House,sylvester.everleigh@holtmail.example
TA-0266,Ursula,Underhill,2014-03-17,Yr 8,Cransley House,krystian.underhill@holtmail.example
TA-0267,Tomas,Ashworth,2011-03-14,Yr 11,Cransley House,gideon.ashworth@holtmail.example
TA-0268,Imani,Draycott,2011-11-19,Yr 10,Bramley House,osric.draycott@holtmail.example
TA-0269,Kavya,Ijaz,2013-11-14,Yr 8,Ashdown House,lorna.ijaz@holtmail.example
TA-0270,Noor,Ottley,2013-03-24,Yr 9,Ashdown House,malachy.ottley@holtmail.example
TA-0271,Hamza,Bellamy,2012-01-22,Yr 10,Denholm House,lorna.bellamy@holtmail.example
TA-0272,Kavya,Wardell,2014-06-21,Yr 8,Denholm House,harriet.wardell@holtmail.example
TA-0273,Yusuf,Considine,2013-07-21,Yr 9,Bramley House,josephine.considine@holtmail.example
TA-0274,Ursula,Selby,2013-11-21,Yr 8,Cransley House,gideon.selby@holtmail.example
TA-0275,Ursula,Ottley,2012-10-15,Yr 9,Ashdown House,emmett.ottley@holtmail.example
TA-0276,Kavya,Lanyon,2014-02-18,Yr 8,Bramley House,krystian.lanyon@holtmail.example
TA-0277,Otto,Nordstrom,2012-04-14,Yr 10,Ashdown House,lorna.nordstrom@holtmail.example
TA-0278,Tomas,Ebrahim,2015-07-21,Yr 7,Denholm House,bernadette.ebrahim@holtmail.example
TA-0279,Amara,Rasmussen,2014-11-14,Yr 7,Ashdown House,emmett.rasmussen@holtmail.example
TA-0280,Jonas,Mwangi,2014-12-15,Yr 7,Denholm House,farida.mwangi@holtmail.example
TA-0281,Jonas,Jephcott,2013-10-26,Yr 8,Bramley House,harriet.jephcott@holtmail.example
TA-0282,Greta,Pemberton,2014-02-25,Yr 8,Denholm House,gideon.pemberton@holtmail.example
TA-0283,Maeve,Underhill,2014-12-19,Yr 7,Denholm House,osric.underhill@holtmail.example
TA-0284,Hamza,Underhill,2013-06-25,Yr 9,Denholm House,dilys.underhill@holtmail.example
TA-0285,Yusuf,Considine,2011-04-24,Yr 11,Bramley House,farida.considine@holtmail.example
TA-0286,Ursula,Selby,2014-05-23,Yr 8,Ashdown House,krystian.selby@holtmail.example
TA-0287,Zara,Dunmore,2014-08-18,Yr 8,Ashdown House,josephine.dunmore@holtmail.example
TA-0288,Imani,Dunmore,2011-09-15,Yr 10,Denholm House,bernadette.dunmore@holtmail.example
TA-0289,Zara,Nordstrom,2014-12-26,Yr 7,Denholm House,bernadette.nordstrom@holtmail.example
TA-0290,Priya,Considine,2010-12-28,Yr 11,Denholm House,lorna.considine@holtmail.example
TA-0291,Tomas,Kirilov,2010-09-20,Yr 11,Denholm House,emmett.kirilov@holtmail.example
TA-0292,Kavya,Lanyon,2010-09-23,Yr 11,Ashdown House,rowena.lanyon@holtmail.example
TA-0293,Lukas,Gallacher,2013-11-23,Yr 8,Ashdown House,dilys.gallacher@holtmail.example
TA-0294,Yusuf,Hollingworth,2015-06-21,Yr 7,Bramley House,lorna.hollingworth@holtmail.example
TA-0295,Tomas,Underhill,2014-12-28,Yr 7,Cransley House,ivor.underhill@holtmail.example
TA-0296,Caoimhe,Yeardley,2015-03-21,Yr 7,Denholm House,krystian.yeardley@holtmail.example
TA-0297,Hamza,Vasilenko,2012-01-21,Yr 10,Bramley House,josephine.vasilenko@holtmail.example
TA-0298,Elif,Rasmussen,2013-07-27,Yr 9,Bramley House,rowena.rasmussen@holtmail.example
TA-0299,Rosalind,Mwangi,2012-01-22,Yr 10,Cransley House,farida.mwangi@holtmail.example
TA-0300,Vinh,Ebrahim,2010-11-20,Yr 11,Denholm House,malachy.ebrahim@holtmail.example
TA-0301,Rosalind,Yeardley,2012-03-28,Yr 10,Cransley House,harriet.yeardley@holtmail.example
TA-0302,Caoimhe,Hollingworth,2013-01-16,Yr 9,Ashdown House,lorna.hollingworth@holtmail.example
TA-0303,Amara,Selby,2014-09-27,Yr 7,Ashdown House,bernadette.selby@holtmail.example
TA-0304,Tomas,Quiller,2011-05-28,Yr 11,Ashdown House,lorna.quiller@holtmail.example
TA-0305,Jonas,Gallacher,2012-03-21,Yr 10,Ashdown House,harriet.gallacher@holtmail.example
TA-0306,Fionn,Fenwick,2014-07-15,Yr 8,Denholm House,malachy.fenwick@holtmail.example
TA-0307,Rosalind,Ijaz,2014-02-28,Yr 8,Cransley House,krystian.ijaz@holtmail.example
TA-0308,Kavya,Lanyon,2013-01-19,Yr 9,Denholm House,gideon.lanyon@holtmail.example
TA-0309,Otto,Rasmussen,2015-05-20,Yr 7,Denholm House,harriet.rasmussen@holtmail.example
TA-0310,Rosalind,Dunmore,2014-01-24,Yr 8,Ashdown House,osric.dunmore@holtmail.example
TA-0311,Hamza,Ijaz,2015-03-22,Yr 7,Bramley House,rowena.ijaz@holtmail.example
TA-0312,Jonas,Rasmussen,2011-07-17,Yr 11,Cransley House,nadia.rasmussen@holtmail.example
TA-0313,Hamza,Ijaz,2013-04-20,Yr 9,Bramley House,dilys.ijaz@holtmail.example
TA-0314,Imani,Dunmore,2010-09-16,Yr 11,Cransley House,josephine.dunmore@holtmail.example
TA-0315,Willa,Everleigh,2011-02-20,Yr 11,Denholm House,osric.everleigh@holtmail.example
TA-0316,Elif,Brightwell,2014-06-21,Yr 8,Bramley House,harriet.brightwell@holtmail.example
TA-0317,Hamza,Calderon,2013-02-28,Yr 9,Denholm House,farida.calderon@holtmail.example
TA-0318,Soren,Lanyon,2012-07-19,Yr 10,Ashdown House,nadia.lanyon@holtmail.example
TA-0319,Vinh,Vasilenko,2012-10-20,Yr 9,Bramley House,malachy.vasilenko@holtmail.example
TA-0320,Lukas,Draycott,2012-09-24,Yr 9,Denholm House,sylvester.draycott@holtmail.example
TA-0321,Kavya,Nordstrom,2015-02-16,Yr 7,Cransley House,bernadette.nordstrom@holtmail.example
TA-0322,Caoimhe,Zabala,2012-11-23,Yr 9,Ashdown House,gideon.zabala@holtmail.example
TA-0323,Caoimhe,Kirilov,2012-04-18,Yr 10,Bramley House,malachy.kirilov@holtmail.example
TA-0324,Imani,Calderon,2011-05-19,Yr 11,Ashdown House,josephine.calderon@holtmail.example
TA-0325,Priya,Brightwell,2012-12-16,Yr 9,Ashdown House,osric.brightwell@holtmail.example
TA-0326,Soren,Bellamy,2011-04-21,Yr 11,Bramley House,farida.bellamy@holtmail.example
TA-0327,Yusuf,Trelawney,2013-10-21,Yr 8,Ashdown House,josephine.trelawney@holtmail.example
TA-0328,Greta,Rasmussen,2015-08-16,Yr 7,Ashdown House,emmett.rasmussen@holtmail.example
TA-0329,Dmitri,Pemberton,2011-06-23,Yr 11,Bramley House,emmett.pemberton@holtmail.example
TA-0330,Caoimhe,Bellamy,2014-04-25,Yr 8,Bramley House,emmett.bellamy@holtmail.example
TA-0331,Noor,Pemberton,2011-03-27,Yr 11,Cransley House,farida.pemberton@holtmail.example
TA-0332,Noor,Pemberton,2013-02-28,Yr 9,Denholm House,ivor.pemberton@holtmail.example
TA-0333,Caoimhe,Everleigh,2013-06-13,Yr 9,Bramley House,gideon.everleigh@holtmail.example
TA-0334,Soren,Ashworth,2015-02-17,Yr 7,Denholm House,rowena.ashworth@holtmail.example
TA-0335,Vinh,Wardell,2015-06-25,Yr 7,Ashdown House,gideon.wardell@holtmail.example
TA-0336,Amara,Bellamy,2012-08-18,Yr 10,Ashdown House,josephine.bellamy@holtmail.example
TA-0337,Rosalind,Kirilov,2011-12-14,Yr 10,Ashdown House,nadia.kirilov@holtmail.example
TA-0338,Willa,Rasmussen,2014-11-21,Yr 7,Ashdown House,gideon.rasmussen@holtmail.example
TA-0339,Fionn,Nordstrom,2010-12-27,Yr 11,Bramley House,cyrus.nordstrom@holtmail.example
TA-0340,Ursula,Jephcott,2015-08-15,Yr 7,Bramley House,ivor.jephcott@holtmail.example
TA-0341,Priya,Ebrahim,2014-08-23,Yr 8,Ashdown House,rowena.ebrahim@holtmail.example
TA-0342,Elif,Kirilov,2012-07-23,Yr 10,Bramley House,dilys.kirilov@holtmail.example
TA-0343,Lukas,Jephcott,2013-02-27,Yr 9,Cransley House,cyrus.jephcott@holtmail.example
TA-0344,Lukas,Mwangi,2011-04-20,Yr 11,Ashdown House,dilys.mwangi@holtmail.example
TA-0345,Maeve,Mwangi,2013-07-20,Yr 9,Bramley House,osric.mwangi@holtmail.example
TA-0346,Hamza,Nordstrom,2015-02-17,Yr 7,Bramley House,harriet.nordstrom@holtmail.example
TA-0347,Greta,Zabala,2012-03-23,Yr 10,Cransley House,gideon.zabala@holtmail.example
TA-0348,Zara,Nordstrom,2011-01-15,Yr 11,Cransley House,bernadette.nordstrom@holtmail.example
TA-0349,Zara,Zabala,2013-03-23,Yr 9,Denholm House,ivor.zabala@holtmail.example
TA-0350,Zara,Ashworth,2012-06-22,Yr 10,Cransley House,sylvester.ashworth@holtmail.example
TA-0351,Rosalind,Wardell,2011-04-15,Yr 11,Ashdown House,farida.wardell@holtmail.example
TA-0352,Amara,Draycott,2014-04-23,Yr 8,Cransley House,emmett.draycott@holtmail.example
TA-0353,Fionn,Brightwell,2014-02-20,Yr 8,Cransley House,farida.brightwell@holtmail.example
TA-0354,Priya,Wardell,2014-01-15,Yr 8,Bramley House,harriet.wardell@holtmail.example
TA-0355,Bilal,Rasmussen,2012-05-28,Yr 10,Denholm House,gideon.rasmussen@holtmail.example
TA-0356,Caoimhe,Jephcott,2014-04-13,Yr 8,Cransley House,cyrus.jephcott@holtmail.example
TA-0357,Caoimhe,Wardell,2013-02-20,Yr 9,Cransley House,ivor.wardell@holtmail.example
TA-0358,Jonas,Ashworth,2014-11-14,Yr 7,Denholm House,krystian.ashworth@holtmail.example
TA-0359,Greta,Zabala,2010-12-24,Yr 11,Denholm House,lorna.zabala@holtmail.example
TA-0360,Caoimhe,Underhill,2014-07-28,Yr 8,Denholm House,krystian.underhill@holtmail.example
TA-0361,Dmitri,Everleigh,2012-08-26,Yr 10,Ashdown House,cyrus.everleigh@holtmail.example
TA-0362,Fionn,Lanyon,2013-09-22,Yr 8,Cransley House,krystian.lanyon@holtmail.example
TA-0363,Imani,Everleigh,2014-08-28,Yr 8,Ashdown House,rowena.everleigh@holtmail.example
TA-0364,Elif,Selby,2012-01-18,Yr 10,Ashdown House,harriet.selby@holtmail.example
TA-0365,Fionn,Trelawney,2012-05-25,Yr 10,Ashdown House,ivor.trelawney@holtmail.example
TA-0366,Imani,Mwangi,2015-01-21,Yr 7,Cransley House,krystian.mwangi@holtmail.example
TA-0367,Greta,Ebrahim,2013-07-26,Yr 9,Bramley House,nadia.ebrahim@holtmail.example
TA-0368,Soren,Yeardley,2014-10-13,Yr 7,Denholm House,ivor.yeardley@holtmail.example
TA-0369,Imani,Lanyon,2011-04-22,Yr 11,Cransley House,emmett.lanyon@holtmail.example
TA-0370,Jonas,Vasilenko,2013-08-13,Yr 9,Ashdown House,rowena.vasilenko@holtmail.example
TA-0371,Elif,Draycott,2014-06-21,Yr 8,Bramley House,bernadette.draycott@holtmail.example
TA-0372,Yusuf,Yeardley,2013-04-28,Yr 9,Bramley House,dilys.yeardley@holtmail.example
TA-0373,Rosalind,Trelawney,2015-02-19,Yr 7,Cransley House,lorna.trelawney@holtmail.example
TA-0374,Caoimhe,Fenwick,2015-01-28,Yr 7,Denholm House,lorna.fenwick@holtmail.example
TA-0375,Hamza,Jephcott,2011-06-25,Yr 11,Bramley House,osric.jephcott@holtmail.example
TA-0376,Priya,Jephcott,2013-11-26,Yr 8,Bramley House,malachy.jephcott@holtmail.example
TA-0377,Jonas,Dunmore,2011-09-22,Yr 10,Bramley House,nadia.dunmore@holtmail.example
TA-0378,Fionn,Pemberton,2014-02-24,Yr 8,Cransley House,osric.pemberton@holtmail.example
TA-0379,Vinh,Wardell,2013-04-23,Yr 9,Ashdown House,harriet.wardell@holtmail.example
TA-0380,Fionn,Gallacher,2015-06-19,Yr 7,Ashdown House,harriet.gallacher@holtmail.example
TA-0381,Maeve,Bellamy,2012-08-20,Yr 10,Ashdown House,lorna.bellamy@holtmail.example
TA-0382,Caoimhe,Underhill,2012-12-18,Yr 9,Bramley House,lorna.underhill@holtmail.example
TA-0383,Otto,Nordstrom,2014-03-28,Yr 8,Ashdown House,osric.nordstrom@holtmail.example
TA-0384,Rosalind,Zabala,2014-12-15,Yr 7,Denholm House,emmett.zabala@holtmail.example
